[{"model": "admin.logentry", "pk": 1, "fields": {"action_time": "2025-02-21T23:11:23.478Z", "user": 1, "content_type": 7, "object_id": "1", "object_repr": "info.gaasholdings@gmail.com", "action_flag": 1, "change_message": "[{\"added\": {}}]"}}, {"model": "admin.logentry", "pk": 2, "fields": {"action_time": "2025-02-21T23:13:13.984Z", "user": 1, "content_type": 7, "object_id": "1", "object_repr": "info.gaasholdings@gmail.com", "action_flag": 2, "change_message": "[{\"changed\": {\"fields\": [\"Profile picture\", \"Cover photo\", \"Address line 1\", \"Country\", \"State\", \"City\", \"Zip code\"]}}]"}}, {"model": "admin.logentry", "pk": 3, "fields": {"action_time": "2025-02-21T23:18:03.153Z", "user": 1, "content_type": 7, "object_id": "1", "object_repr": "info.gaasholdings@gmail.com", "action_flag": 2, "change_message": "[{\"changed\": {\"fields\": [\"Profile picture\", \"Cover photo\"]}}]"}}, {"model": "admin.logentry", "pk": 4, "fields": {"action_time": "2025-02-21T23:30:16.287Z", "user": 1, "content_type": 6, "object_id": "2", "object_repr": "", "action_flag": 1, "change_message": "[{\"added\": {}}]"}}, {"model": "admin.logentry", "pk": 5, "fields": {"action_time": "2025-02-21T23:31:50.464Z", "user": 1, "content_type": 6, "object_id": "2", "object_repr": "", "action_flag": 3, "change_message": ""}}, {"model": "admin.logentry", "pk": 6, "fields": {"action_time": "2025-02-21T23:32:50.370Z", "user": 1, "content_type": 6, "object_id": "3", "object_repr": "", "action_flag": 1, "change_message": "[{\"added\": {}}]"}}, {"model": "admin.logentry", "pk": 7, "fields": {"action_time": "2025-02-21T23:33:50.971Z", "user": 1, "content_type": 6, "object_id": "3", "object_repr": "test1234@aol.com", "action_flag": 2, "change_message": "[{\"changed\": {\"fields\": [\"First name\", \"Last name\", \"Email\", \"Phone number\"]}}]"}}, {"model": "admin.logentry", "pk": 8, "fields": {"action_time": "2025-02-21T23:35:37.120Z", "user": 1, "content_type": 6, "object_id": "3", "object_repr": "test1234@aol.com", "action_flag": 2, "change_message": "[{\"changed\": {\"fields\": [\"Username\"]}}]"}}, {"model": "admin.logentry", "pk": 9, "fields": {"action_time": "2025-02-21T23:38:25.166Z", "user": 1, "content_type": 7, "object_id": "1", "object_repr": "info.gaasholdings@gmail.com", "action_flag": 3, "change_message": ""}}, {"model": "admin.logentry", "pk": 10, "fields": {"action_time": "2025-02-21T23:43:07.787Z", "user": 1, "content_type": 6, "object_id": "1", "object_repr": "info.gaasholdings@gmail.com", "action_flag": 2, "change_message": "[{\"changed\": {\"fields\": [\"Phone number\"]}}]"}}, {"model": "admin.logentry", "pk": 11, "fields": {"action_time": "2025-02-21T23:54:51.420Z", "user": 1, "content_type": 6, "object_id": "4", "object_repr": "", "action_flag": 1, "change_message": "[{\"added\": {}}]"}}, {"model": "admin.logentry", "pk": 12, "fields": {"action_time": "2025-02-22T00:02:25.978Z", "user": 1, "content_type": 6, "object_id": "4", "object_repr": "dally@aol.com", "action_flag": 2, "change_message": "[{\"changed\": {\"fields\": [\"First name\", \"Last name\", \"Email\", \"Phone number\"]}}]"}}, {"model": "admin.logentry", "pk": 13, "fields": {"action_time": "2025-02-22T00:02:50.322Z", "user": 1, "content_type": 6, "object_id": "5", "object_repr": "", "action_flag": 1, "change_message": "[{\"added\": {}}]"}}, {"model": "admin.logentry", "pk": 14, "fields": {"action_time": "2025-02-22T00:03:05.639Z", "user": 1, "content_type": 6, "object_id": "5", "object_repr": "dallas@aol.com", "action_flag": 2, "change_message": "[{\"changed\": {\"fields\": [\"First name\", \"Last name\", \"Email\", \"Phone number\"]}}]"}}, {"model": "admin.logentry", "pk": 15, "fields": {"action_time": "2025-02-22T08:59:03.386Z", "user": 1, "content_type": 7, "object_id": "8", "object_repr": "more@aol.com", "action_flag": 3, "change_message": ""}}, {"model": "admin.logentry", "pk": 16, "fields": {"action_time": "2025-02-22T08:59:03.386Z", "user": 1, "content_type": 7, "object_id": "7", "object_repr": "raff@aol.com", "action_flag": 3, "change_message": ""}}, {"model": "admin.logentry", "pk": 17, "fields": {"action_time": "2025-02-22T08:59:03.386Z", "user": 1, "content_type": 7, "object_id": "6", "object_repr": "baby@aol.com", "action_flag": 3, "change_message": ""}}, {"model": "admin.logentry", "pk": 18, "fields": {"action_time": "2025-02-22T08:59:03.386Z", "user": 1, "content_type": 7, "object_id": "5", "object_repr": "dallas@aol.com", "action_flag": 3, "change_message": ""}}, {"model": "admin.logentry", "pk": 19, "fields": {"action_time": "2025-02-22T09:00:11.884Z", "user": 1, "content_type": 6, "object_id": "8", "object_repr": "more@aol.com", "action_flag": 3, "change_message": ""}}, {"model": "admin.logentry", "pk": 20, "fields": {"action_time": "2025-02-22T09:00:11.885Z", "user": 1, "content_type": 6, "object_id": "7", "object_repr": "raff@aol.com", "action_flag": 3, "change_message": ""}}, {"model": "admin.logentry", "pk": 21, "fields": {"action_time": "2025-02-22T09:00:11.885Z", "user": 1, "content_type": 6, "object_id": "6", "object_repr": "baby@aol.com", "action_flag": 3, "change_message": ""}}, {"model": "admin.logentry", "pk": 22, "fields": {"action_time": "2025-02-22T09:00:11.885Z", "user": 1, "content_type": 6, "object_id": "5", "object_repr": "dallas@aol.com", "action_flag": 3, "change_message": ""}}, {"model": "admin.logentry", "pk": 23, "fields": {"action_time": "2025-02-23T10:10:49.312Z", "user": 1, "content_type": 6, "object_id": "14", "object_repr": "bolabola@aol.com", "action_flag": 3, "change_message": ""}}, {"model": "admin.logentry", "pk": 24, "fields": {"action_time": "2025-02-23T10:10:49.312Z", "user": 1, "content_type": 6, "object_id": "13", "object_repr": "lolaola@aol.com", "action_flag": 3, "change_message": ""}}, {"model": "admin.logentry", "pk": 25, "fields": {"action_time": "2025-02-23T10:10:49.312Z", "user": 1, "content_type": 6, "object_id": "12", "object_repr": "olaola@aol.com", "action_flag": 3, "change_message": ""}}, {"model": "admin.logentry", "pk": 26, "fields": {"action_time": "2025-02-23T10:10:49.312Z", "user": 1, "content_type": 6, "object_id": "11", "object_repr": "test12234@aol.com", "action_flag": 3, "change_message": ""}}, {"model": "admin.logentry", "pk": 27, "fields": {"action_time": "2025-02-23T10:10:49.312Z", "user": 1, "content_type": 6, "object_id": "10", "object_repr": "bossy@aol.com", "action_flag": 3, "change_message": ""}}, {"model": "admin.logentry", "pk": 28, "fields": {"action_time": "2025-02-23T10:10:49.312Z", "user": 1, "content_type": 6, "object_id": "4", "object_repr": "dally@aol.com", "action_flag": 3, "change_message": ""}}, {"model": "admin.logentry", "pk": 29, "fields": {"action_time": "2025-02-23T10:10:49.312Z", "user": 1, "content_type": 6, "object_id": "3", "object_repr": "test1234@aol.com", "action_flag": 3, "change_message": ""}}, {"model": "admin.logentry", "pk": 30, "fields": {"action_time": "2025-02-23T10:12:13.452Z", "user": 1, "content_type": 6, "object_id": "9", "object_repr": "babybaby@aol.com", "action_flag": 2, "change_message": "[{\"changed\": {\"fields\": [\"Is active\"]}}]"}}, {"model": "admin.logentry", "pk": 31, "fields": {"action_time": "2025-02-23T10:12:19.491Z", "user": 1, "content_type": 6, "object_id": "15", "object_repr": "gillo@aol.com", "action_flag": 2, "change_message": "[{\"changed\": {\"fields\": [\"Is active\"]}}]"}}, {"model": "admin.logentry", "pk": 32, "fields": {"action_time": "2025-02-23T10:39:42.354Z", "user": 1, "content_type": 8, "object_id": "1", "object_repr": "gillo", "action_flag": 2, "change_message": "[{\"changed\": {\"fields\": [\"Is approved\"]}}]"}}, {"model": "admin.logentry", "pk": 33, "fields": {"action_time": "2025-02-23T13:04:28.162Z", "user": 1, "content_type": 6, "object_id": "16", "object_repr": "barakatshittu22@gmail.com", "action_flag": 3, "change_message": ""}}, {"model": "admin.logentry", "pk": 34, "fields": {"action_time": "2025-02-23T13:05:46.690Z", "user": 1, "content_type": 6, "object_id": "17", "object_repr": "barakatshittu22@gmail.com", "action_flag": 3, "change_message": ""}}, {"model": "admin.logentry", "pk": 35, "fields": {"action_time": "2025-02-23T13:13:36.766Z", "user": 1, "content_type": 6, "object_id": "18", "object_repr": "barakatshittu22@gmail.com", "action_flag": 3, "change_message": ""}}, {"model": "admin.logentry", "pk": 36, "fields": {"action_time": "2025-02-23T13:14:47.103Z", "user": 1, "content_type": 6, "object_id": "19", "object_repr": "barakatshittu22@gmail.com", "action_flag": 3, "change_message": ""}}, {"model": "admin.logentry", "pk": 37, "fields": {"action_time": "2025-02-23T13:19:10.555Z", "user": 1, "content_type": 6, "object_id": "20", "object_repr": "barakatshittu22@gmail.com", "action_flag": 3, "change_message": ""}}, {"model": "admin.logentry", "pk": 38, "fields": {"action_time": "2025-02-23T13:23:31.482Z", "user": 1, "content_type": 6, "object_id": "21", "object_repr": "sioa.consult@gmail.com", "action_flag": 3, "change_message": ""}}, {"model": "admin.logentry", "pk": 39, "fields": {"action_time": "2025-02-23T13:28:49.260Z", "user": 1, "content_type": 6, "object_id": "22", "object_repr": "sioa.consult@gmail.com", "action_flag": 3, "change_message": ""}}, {"model": "admin.logentry", "pk": 40, "fields": {"action_time": "2025-02-23T14:29:53.618Z", "user": 1, "content_type": 6, "object_id": "24", "object_repr": "sioa.consult@gmail.com", "action_flag": 3, "change_message": ""}}, {"model": "admin.logentry", "pk": 41, "fields": {"action_time": "2025-02-23T17:40:08.403Z", "user": 1, "content_type": 8, "object_id": "3", "object_repr": "Barakat", "action_flag": 2, "change_message": "[{\"changed\": {\"fields\": [\"Is approved\"]}}]"}}, {"model": "admin.logentry", "pk": 42, "fields": {"action_time": "2025-02-23T18:07:10.874Z", "user": 1, "content_type": 8, "object_id": "4", "object_repr": "BaraqaShittu", "action_flag": 2, "change_message": "[{\"changed\": {\"fields\": [\"Is approved\"]}}]"}}, {"model": "admin.logentry", "pk": 43, "fields": {"action_time": "2025-02-23T19:14:08.493Z", "user": 1, "content_type": 7, "object_id": "26", "object_repr": "barakatshittu22@gmail.com", "action_flag": 2, "change_message": "[{\"changed\": {\"fields\": [\"Profile picture\", \"Cover photo\", \"Address line 1\", \"Country\", \"State\", \"City\", \"Zip code\", \"Latitude\", \"Longitude\"]}}]"}}, {"model": "admin.logentry", "pk": 44, "fields": {"action_time": "2025-02-23T19:48:42.802Z", "user": 1, "content_type": 7, "object_id": "26", "object_repr": "barakatshittu22@gmail.com", "action_flag": 2, "change_message": "[{\"changed\": {\"fields\": [\"Profile picture\", \"Cover photo\", \"Address line 1\", \"Address line 2\", \"State\", \"Latitude\", \"Longitude\"]}}]"}}, {"model": "admin.logentry", "pk": 45, "fields": {"action_time": "2025-02-23T19:57:32.883Z", "user": 1, "content_type": 7, "object_id": "26", "object_repr": "barakatshittu22@gmail.com", "action_flag": 2, "change_message": "[{\"changed\": {\"fields\": [\"Profile picture\"]}}]"}}, {"model": "admin.logentry", "pk": 46, "fields": {"action_time": "2025-02-24T00:22:26.192Z", "user": 1, "content_type": 7, "object_id": "26", "object_repr": "barakatshittu22@gmail.com", "action_flag": 2, "change_message": "[{\"changed\": {\"fields\": [\"Address\"]}}]"}}, {"model": "admin.logentry", "pk": 47, "fields": {"action_time": "2025-02-24T09:38:47.362Z", "user": 1, "content_type": 10, "object_id": "1", "object_repr": "Kitchen", "action_flag": 1, "change_message": "[{\"added\": {}}]"}}, {"model": "admin.logentry", "pk": 48, "fields": {"action_time": "2025-02-24T09:39:08.570Z", "user": 1, "content_type": 10, "object_id": "2", "object_repr": "Electronics", "action_flag": 1, "change_message": "[{\"added\": {}}]"}}, {"model": "admin.logentry", "pk": 49, "fields": {"action_time": "2025-02-24T09:39:32.799Z", "user": 1, "content_type": 10, "object_id": "3", "object_repr": "Wears", "action_flag": 1, "change_message": "[{\"added\": {}}]"}}, {"model": "admin.logentry", "pk": 50, "fields": {"action_time": "2025-02-24T09:40:24.654Z", "user": 1, "content_type": 10, "object_id": "4", "object_repr": "Gadget", "action_flag": 1, "change_message": "[{\"added\": {}}]"}}, {"model": "admin.logentry", "pk": 51, "fields": {"action_time": "2025-02-24T09:41:13.868Z", "user": 1, "content_type": 10, "object_id": "5", "object_repr": "Home", "action_flag": 1, "change_message": "[{\"added\": {}}]"}}, {"model": "admin.logentry", "pk": 52, "fields": {"action_time": "2025-02-24T09:42:03.540Z", "user": 1, "content_type": 10, "object_id": "6", "object_repr": "Camera", "action_flag": 1, "change_message": "[{\"added\": {}}]"}}, {"model": "admin.logentry", "pk": 53, "fields": {"action_time": "2025-02-24T09:59:06.588Z", "user": 1, "content_type": 9, "object_id": "1", "object_repr": "ring light", "action_flag": 1, "change_message": "[{\"added\": {}}]"}}, {"model": "admin.logentry", "pk": 54, "fields": {"action_time": "2025-02-24T09:59:44.119Z", "user": 1, "content_type": 9, "object_id": "2", "object_repr": "shoe rack", "action_flag": 1, "change_message": "[{\"added\": {}}]"}}, {"model": "admin.logentry", "pk": 55, "fields": {"action_time": "2025-02-24T10:00:31.773Z", "user": 1, "content_type": 9, "object_id": "3", "object_repr": "Princess wears", "action_flag": 1, "change_message": "[{\"added\": {}}]"}}, {"model": "admin.logentry", "pk": 56, "fields": {"action_time": "2025-02-24T10:01:11.118Z", "user": 1, "content_type": 9, "object_id": "4", "object_repr": "closet storage", "action_flag": 1, "change_message": "[{\"added\": {}}]"}}, {"model": "admin.logentry", "pk": 57, "fields": {"action_time": "2025-02-24T10:01:46.213Z", "user": 1, "content_type": 9, "object_id": "5", "object_repr": "LG Tv", "action_flag": 1, "change_message": "[{\"added\": {}}]"}}, {"model": "admin.logentry", "pk": 58, "fields": {"action_time": "2025-02-24T10:02:26.321Z", "user": 1, "content_type": 9, "object_id": "6", "object_repr": "Princess gown", "action_flag": 1, "change_message": "[{\"added\": {}}]"}}, {"model": "admin.logentry", "pk": 59, "fields": {"action_time": "2025-02-24T10:03:30.800Z", "user": 1, "content_type": 9, "object_id": "7", "object_repr": "princess wear", "action_flag": 1, "change_message": "[{\"added\": {}}]"}}, {"model": "admin.logentry", "pk": 60, "fields": {"action_time": "2025-02-24T10:04:06.114Z", "user": 1, "content_type": 9, "object_id": "8", "object_repr": "Camera", "action_flag": 1, "change_message": "[{\"added\": {}}]"}}, {"model": "admin.logentry", "pk": 61, "fields": {"action_time": "2025-02-24T10:04:34.325Z", "user": 1, "content_type": 9, "object_id": "9", "object_repr": "Car washer", "action_flag": 1, "change_message": "[{\"added\": {}}]"}}, {"model": "admin.logentry", "pk": 62, "fields": {"action_time": "2025-02-24T10:05:18.355Z", "user": 1, "content_type": 9, "object_id": "10", "object_repr": "CCTV", "action_flag": 1, "change_message": "[{\"added\": {}}]"}}, {"model": "admin.logentry", "pk": 63, "fields": {"action_time": "2025-02-24T11:51:22.879Z", "user": 1, "content_type": 10, "object_id": "7", "object_repr": "Sea foods", "action_flag": 1, "change_message": "[{\"added\": {}}]"}}, {"model": "admin.logentry", "pk": 64, "fields": {"action_time": "2025-02-24T23:36:58.387Z", "user": 1, "content_type": 10, "object_id": "11", "object_repr": "Kitchen", "action_flag": 3, "change_message": ""}}, {"model": "admin.logentry", "pk": 65, "fields": {"action_time": "2025-02-24T23:36:58.387Z", "user": 1, "content_type": 10, "object_id": "10", "object_repr": "Kitchen", "action_flag": 3, "change_message": ""}}, {"model": "admin.logentry", "pk": 66, "fields": {"action_time": "2025-02-24T23:36:58.387Z", "user": 1, "content_type": 10, "object_id": "9", "object_repr": "Kitchen", "action_flag": 3, "change_message": ""}}, {"model": "admin.logentry", "pk": 67, "fields": {"action_time": "2025-02-25T00:38:22.557Z", "user": 1, "content_type": 10, "object_id": "24", "object_repr": "Kettle", "action_flag": 3, "change_message": ""}}, {"model": "admin.logentry", "pk": 68, "fields": {"action_time": "2025-02-25T00:38:22.557Z", "user": 1, "content_type": 10, "object_id": "23", "object_repr": "Biscuit", "action_flag": 3, "change_message": ""}}, {"model": "admin.logentry", "pk": 69, "fields": {"action_time": "2025-02-25T00:38:22.557Z", "user": 1, "content_type": 10, "object_id": "19", "object_repr": "Kitchen", "action_flag": 3, "change_message": ""}}, {"model": "admin.logentry", "pk": 70, "fields": {"action_time": "2025-02-25T00:38:22.557Z", "user": 1, "content_type": 10, "object_id": "18", "object_repr": "Kettle", "action_flag": 3, "change_message": ""}}, {"model": "admin.logentry", "pk": 71, "fields": {"action_time": "2025-02-25T10:38:12.769Z", "user": 1, "content_type": 8, "object_id": "5", "object_repr": "mamazee", "action_flag": 2, "change_message": "[{\"changed\": {\"fields\": [\"Is approved\"]}}]"}}, {"model": "admin.logentry", "pk": 72, "fields": {"action_time": "2025-02-25T10:54:05.407Z", "user": 1, "content_type": 8, "object_id": "6", "object_repr": "ayomidebazeet", "action_flag": 2, "change_message": "[{\"changed\": {\"fields\": [\"Is approved\"]}}]"}}, {"model": "admin.logentry", "pk": 73, "fields": {"action_time": "2025-02-25T11:22:39.877Z", "user": 1, "content_type": 8, "object_id": "7", "object_repr": "abdulsalam", "action_flag": 2, "change_message": "[{\"changed\": {\"fields\": [\"Is approved\"]}}]"}}, {"model": "admin.logentry", "pk": 74, "fields": {"action_time": "2025-02-25T21:54:24.220Z", "user": 1, "content_type": 7, "object_id": "29", "object_repr": "apextrio01@gmail.com", "action_flag": 2, "change_message": "[]"}}, {"model": "admin.logentry", "pk": 75, "fields": {"action_time": "2025-02-26T09:44:56.487Z", "user": 1, "content_type": 8, "object_id": "7", "object_repr": "abdulsalam", "action_flag": 2, "change_message": "[{\"changed\": {\"fields\": [\"Vendor slug\"]}}]"}}, {"model": "admin.logentry", "pk": 76, "fields": {"action_time": "2025-02-26T09:45:07.349Z", "user": 1, "content_type": 8, "object_id": "6", "object_repr": "ayomidebazeet", "action_flag": 2, "change_message": "[{\"changed\": {\"fields\": [\"Vendor slug\"]}}]"}}, {"model": "admin.logentry", "pk": 77, "fields": {"action_time": "2025-02-26T09:45:17.622Z", "user": 1, "content_type": 8, "object_id": "5", "object_repr": "mamazee", "action_flag": 2, "change_message": "[{\"changed\": {\"fields\": [\"Vendor slug\"]}}]"}}, {"model": "admin.logentry", "pk": 78, "fields": {"action_time": "2025-02-26T09:45:30.977Z", "user": 1, "content_type": 8, "object_id": "4", "object_repr": "BaraqaShittu", "action_flag": 2, "change_message": "[{\"changed\": {\"fields\": [\"Vendor slug\"]}}]"}}, {"model": "admin.logentry", "pk": 79, "fields": {"action_time": "2025-02-26T09:45:46.544Z", "user": 1, "content_type": 8, "object_id": "4", "object_repr": "BaraqaShittu", "action_flag": 2, "change_message": "[{\"changed\": {\"fields\": [\"Vendor slug\"]}}]"}}, {"model": "admin.logentry", "pk": 80, "fields": {"action_time": "2025-02-26T09:45:59.923Z", "user": 1, "content_type": 8, "object_id": "3", "object_repr": "Barakat", "action_flag": 2, "change_message": "[{\"changed\": {\"fields\": [\"Vendor slug\"]}}]"}}, {"model": "admin.logentry", "pk": 81, "fields": {"action_time": "2025-02-26T09:46:09.264Z", "user": 1, "content_type": 8, "object_id": "1", "object_repr": "gillo", "action_flag": 2, "change_message": "[{\"changed\": {\"fields\": [\"Vendor slug\"]}}]"}}, {"model": "admin.logentry", "pk": 82, "fields": {"action_time": "2025-02-26T09:58:23.622Z", "user": 1, "content_type": 8, "object_id": "8", "object_repr": "third restaurant", "action_flag": 3, "change_message": ""}}, {"model": "admin.logentry", "pk": 83, "fields": {"action_time": "2025-02-26T20:01:44.608Z", "user": 1, "content_type": 11, "object_id": "8", "object_repr": "Cart object (8)", "action_flag": 3, "change_message": ""}}, {"model": "admin.logentry", "pk": 84, "fields": {"action_time": "2025-02-26T20:01:44.608Z", "user": 1, "content_type": 11, "object_id": "7", "object_repr": "Cart object (7)", "action_flag": 3, "change_message": ""}}, {"model": "admin.logentry", "pk": 85, "fields": {"action_time": "2025-02-26T20:01:44.608Z", "user": 1, "content_type": 11, "object_id": "6", "object_repr": "Cart object (6)", "action_flag": 3, "change_message": ""}}, {"model": "admin.logentry", "pk": 86, "fields": {"action_time": "2025-02-26T20:01:44.608Z", "user": 1, "content_type": 11, "object_id": "5", "object_repr": "Cart object (5)", "action_flag": 3, "change_message": ""}}, {"model": "admin.logentry", "pk": 87, "fields": {"action_time": "2025-02-26T20:01:44.608Z", "user": 1, "content_type": 11, "object_id": "4", "object_repr": "Cart object (4)", "action_flag": 3, "change_message": ""}}, {"model": "admin.logentry", "pk": 88, "fields": {"action_time": "2025-02-26T20:01:44.608Z", "user": 1, "content_type": 11, "object_id": "3", "object_repr": "Cart object (3)", "action_flag": 3, "change_message": ""}}, {"model": "admin.logentry", "pk": 89, "fields": {"action_time": "2025-02-26T20:01:44.608Z", "user": 1, "content_type": 11, "object_id": "2", "object_repr": "Cart object (2)", "action_flag": 3, "change_message": ""}}, {"model": "admin.logentry", "pk": 90, "fields": {"action_time": "2025-02-26T20:01:44.608Z", "user": 1, "content_type": 11, "object_id": "1", "object_repr": "Cart object (1)", "action_flag": 3, "change_message": ""}}, {"model": "admin.logentry", "pk": 91, "fields": {"action_time": "2025-02-26T23:26:08.761Z", "user": 1, "content_type": 11, "object_id": "13", "object_repr": "Cart object (13)", "action_flag": 3, "change_message": ""}}, {"model": "admin.logentry", "pk": 92, "fields": {"action_time": "2025-02-26T23:26:08.761Z", "user": 1, "content_type": 11, "object_id": "12", "object_repr": "Cart object (12)", "action_flag": 3, "change_message": ""}}, {"model": "admin.logentry", "pk": 93, "fields": {"action_time": "2025-02-26T23:26:08.761Z", "user": 1, "content_type": 11, "object_id": "9", "object_repr": "Cart object (9)", "action_flag": 3, "change_message": ""}}, {"model": "admin.logentry", "pk": 94, "fields": {"action_time": "2025-02-27T12:38:22.351Z", "user": 1, "content_type": 7, "object_id": "29", "object_repr": "apextrio01@gmail.com", "action_flag": 2, "change_message": "[]"}}, {"model": "admin.logentry", "pk": 95, "fields": {"action_time": "2025-02-27T12:38:44.961Z", "user": 1, "content_type": 7, "object_id": "29", "object_repr": "apextrio01@gmail.com", "action_flag": 2, "change_message": "[]"}}, {"model": "admin.logentry", "pk": 96, "fields": {"action_time": "2025-02-27T12:39:52.041Z", "user": 1, "content_type": 7, "object_id": "29", "object_repr": "apextrio01@gmail.com", "action_flag": 2, "change_message": "[]"}}, {"model": "admin.logentry", "pk": 97, "fields": {"action_time": "2025-02-27T12:41:09.836Z", "user": 1, "content_type": 7, "object_id": "29", "object_repr": "apextrio01@gmail.com", "action_flag": 2, "change_message": "[]"}}, {"model": "admin.logentry", "pk": 98, "fields": {"action_time": "2025-02-27T12:43:14.033Z", "user": 1, "content_type": 7, "object_id": "26", "object_repr": "barakatshittu22@gmail.com", "action_flag": 2, "change_message": "[{\"changed\": {\"fields\": [\"Location\"]}}]"}}, {"model": "admin.logentry", "pk": 99, "fields": {"action_time": "2025-02-27T12:46:07.064Z", "user": 1, "content_type": 7, "object_id": "25", "object_repr": "orcuttsue549@gmail.com", "action_flag": 2, "change_message": "[]"}}, {"model": "admin.logentry", "pk": 100, "fields": {"action_time": "2025-02-27T12:47:00.421Z", "user": 1, "content_type": 7, "object_id": "28", "object_repr": "abdulsalamabdulbazeet@gmail.com", "action_flag": 2, "change_message": "[]"}}, {"model": "admin.logentry", "pk": 101, "fields": {"action_time": "2025-02-27T12:47:18.275Z", "user": 1, "content_type": 7, "object_id": "27", "object_repr": "smallalhajazainab@gmail.com", "action_flag": 2, "change_message": "[]"}}, {"model": "admin.logentry", "pk": 102, "fields": {"action_time": "2025-02-28T00:58:44.534Z", "user": 1, "content_type": 12, "object_id": "1", "object_repr": "OpeningHour object (1)", "action_flag": 1, "change_message": "[{\"added\": {}}]"}}, {"model": "admin.logentry", "pk": 103, "fields": {"action_time": "2025-02-28T23:53:11.256Z", "user": 1, "content_type": 12, "object_id": "12", "object_repr": "Monday", "action_flag": 1, "change_message": "[{\"added\": {}}]"}}, {"model": "admin.logentry", "pk": 104, "fields": {"action_time": "2025-02-28T23:53:26.110Z", "user": 1, "content_type": 12, "object_id": "13", "object_repr": "Tuesday", "action_flag": 1, "change_message": "[{\"added\": {}}]"}}, {"model": "admin.logentry", "pk": 105, "fields": {"action_time": "2025-02-28T23:53:41.916Z", "user": 1, "content_type": 12, "object_id": "14", "object_repr": "Wednesday", "action_flag": 1, "change_message": "[{\"added\": {}}]"}}, {"model": "admin.logentry", "pk": 106, "fields": {"action_time": "2025-02-28T23:54:07.684Z", "user": 1, "content_type": 12, "object_id": "15", "object_repr": "Monday", "action_flag": 1, "change_message": "[{\"added\": {}}]"}}, {"model": "admin.logentry", "pk": 107, "fields": {"action_time": "2025-02-28T23:54:21.974Z", "user": 1, "content_type": 12, "object_id": "16", "object_repr": "Tuesday", "action_flag": 1, "change_message": "[{\"added\": {}}]"}}, {"model": "admin.logentry", "pk": 108, "fields": {"action_time": "2025-02-28T23:54:35.214Z", "user": 1, "content_type": 12, "object_id": "17", "object_repr": "Wednesday", "action_flag": 1, "change_message": "[{\"added\": {}}]"}}, {"model": "admin.logentry", "pk": 109, "fields": {"action_time": "2025-02-28T23:54:48.712Z", "user": 1, "content_type": 12, "object_id": "18", "object_repr": "Thursday", "action_flag": 1, "change_message": "[{\"added\": {}}]"}}, {"model": "admin.logentry", "pk": 110, "fields": {"action_time": "2025-02-28T23:55:02.769Z", "user": 1, "content_type": 12, "object_id": "19", "object_repr": "Friday", "action_flag": 1, "change_message": "[{\"added\": {}}]"}}, {"model": "admin.logentry", "pk": 111, "fields": {"action_time": "2025-02-28T23:55:17.169Z", "user": 1, "content_type": 12, "object_id": "20", "object_repr": "Saturday", "action_flag": 1, "change_message": "[{\"added\": {}}]"}}, {"model": "admin.logentry", "pk": 112, "fields": {"action_time": "2025-02-28T23:55:36.382Z", "user": 1, "content_type": 12, "object_id": "21", "object_repr": "Monday", "action_flag": 1, "change_message": "[{\"added\": {}}]"}}, {"model": "admin.logentry", "pk": 113, "fields": {"action_time": "2025-02-28T23:55:49.263Z", "user": 1, "content_type": 12, "object_id": "22", "object_repr": "Wednesday", "action_flag": 1, "change_message": "[{\"added\": {}}]"}}, {"model": "admin.logentry", "pk": 114, "fields": {"action_time": "2025-02-28T23:56:03.102Z", "user": 1, "content_type": 12, "object_id": "23", "object_repr": "Saturday", "action_flag": 1, "change_message": "[{\"added\": {}}]"}}, {"model": "admin.logentry", "pk": 115, "fields": {"action_time": "2025-02-28T23:56:25.332Z", "user": 1, "content_type": 12, "object_id": "24", "object_repr": "Tuesday", "action_flag": 1, "change_message": "[{\"added\": {}}]"}}, {"model": "admin.logentry", "pk": 116, "fields": {"action_time": "2025-02-28T23:56:39.688Z", "user": 1, "content_type": 12, "object_id": "25", "object_repr": "Sunday", "action_flag": 1, "change_message": "[{\"added\": {}}]"}}, {"model": "admin.logentry", "pk": 117, "fields": {"action_time": "2025-02-28T23:56:59.241Z", "user": 1, "content_type": 12, "object_id": "26", "object_repr": "Friday", "action_flag": 1, "change_message": "[{\"added\": {}}]"}}, {"model": "admin.logentry", "pk": 118, "fields": {"action_time": "2025-02-28T23:57:13.795Z", "user": 1, "content_type": 12, "object_id": "27", "object_repr": "Monday", "action_flag": 1, "change_message": "[{\"added\": {}}]"}}, {"model": "admin.logentry", "pk": 119, "fields": {"action_time": "2025-02-28T23:57:26.987Z", "user": 1, "content_type": 12, "object_id": "28", "object_repr": "Tuesday", "action_flag": 1, "change_message": "[{\"added\": {}}]"}}, {"model": "admin.logentry", "pk": 120, "fields": {"action_time": "2025-02-28T23:57:41.366Z", "user": 1, "content_type": 12, "object_id": "29", "object_repr": "Friday", "action_flag": 1, "change_message": "[{\"added\": {}}]"}}, {"model": "admin.logentry", "pk": 121, "fields": {"action_time": "2025-02-28T23:58:11.779Z", "user": 1, "content_type": 12, "object_id": "30", "object_repr": "Sunday", "action_flag": 1, "change_message": "[{\"added\": {}}]"}}, {"model": "admin.logentry", "pk": 122, "fields": {"action_time": "2025-02-28T23:58:25.399Z", "user": 1, "content_type": 12, "object_id": "31", "object_repr": "Sunday", "action_flag": 1, "change_message": "[{\"added\": {}}]"}}, {"model": "admin.logentry", "pk": 123, "fields": {"action_time": "2025-03-01T00:31:39.602Z", "user": 1, "content_type": 12, "object_id": "12", "object_repr": "Monday", "action_flag": 3, "change_message": ""}}, {"model": "admin.logentry", "pk": 124, "fields": {"action_time": "2025-03-01T00:31:39.602Z", "user": 1, "content_type": 12, "object_id": "13", "object_repr": "Tuesday", "action_flag": 3, "change_message": ""}}, {"model": "admin.logentry", "pk": 125, "fields": {"action_time": "2025-03-01T00:31:39.602Z", "user": 1, "content_type": 12, "object_id": "14", "object_repr": "Wednesday", "action_flag": 3, "change_message": ""}}, {"model": "admin.logentry", "pk": 126, "fields": {"action_time": "2025-03-01T00:31:39.602Z", "user": 1, "content_type": 12, "object_id": "30", "object_repr": "Sunday", "action_flag": 3, "change_message": ""}}, {"model": "admin.logentry", "pk": 127, "fields": {"action_time": "2025-03-01T02:32:07.026Z", "user": 1, "content_type": 12, "object_id": "27", "object_repr": "Monday", "action_flag": 3, "change_message": ""}}, {"model": "admin.logentry", "pk": 128, "fields": {"action_time": "2025-03-01T02:32:07.026Z", "user": 1, "content_type": 12, "object_id": "21", "object_repr": "Monday", "action_flag": 3, "change_message": ""}}, {"model": "admin.logentry", "pk": 129, "fields": {"action_time": "2025-03-01T02:32:07.026Z", "user": 1, "content_type": 12, "object_id": "15", "object_repr": "Monday", "action_flag": 3, "change_message": ""}}, {"model": "admin.logentry", "pk": 130, "fields": {"action_time": "2025-03-01T02:32:07.027Z", "user": 1, "content_type": 12, "object_id": "16", "object_repr": "Tuesday", "action_flag": 3, "change_message": ""}}, {"model": "admin.logentry", "pk": 131, "fields": {"action_time": "2025-03-01T02:32:07.027Z", "user": 1, "content_type": 12, "object_id": "24", "object_repr": "Tuesday", "action_flag": 3, "change_message": ""}}, {"model": "admin.logentry", "pk": 132, "fields": {"action_time": "2025-03-01T02:32:07.027Z", "user": 1, "content_type": 12, "object_id": "28", "object_repr": "Tuesday", "action_flag": 3, "change_message": ""}}, {"model": "admin.logentry", "pk": 133, "fields": {"action_time": "2025-03-01T02:32:07.027Z", "user": 1, "content_type": 12, "object_id": "22", "object_repr": "Wednesday", "action_flag": 3, "change_message": ""}}, {"model": "admin.logentry", "pk": 134, "fields": {"action_time": "2025-03-01T02:32:07.027Z", "user": 1, "content_type": 12, "object_id": "17", "object_repr": "Wednesday", "action_flag": 3, "change_message": ""}}, {"model": "admin.logentry", "pk": 135, "fields": {"action_time": "2025-03-01T02:32:07.027Z", "user": 1, "content_type": 12, "object_id": "18", "object_repr": "Thursday", "action_flag": 3, "change_message": ""}}, {"model": "admin.logentry", "pk": 136, "fields": {"action_time": "2025-03-01T02:32:07.027Z", "user": 1, "content_type": 12, "object_id": "19", "object_repr": "Friday", "action_flag": 3, "change_message": ""}}, {"model": "admin.logentry", "pk": 137, "fields": {"action_time": "2025-03-01T02:32:07.027Z", "user": 1, "content_type": 12, "object_id": "29", "object_repr": "Friday", "action_flag": 3, "change_message": ""}}, {"model": "admin.logentry", "pk": 138, "fields": {"action_time": "2025-03-01T02:32:07.027Z", "user": 1, "content_type": 12, "object_id": "26", "object_repr": "Friday", "action_flag": 3, "change_message": ""}}, {"model": "admin.logentry", "pk": 139, "fields": {"action_time": "2025-03-01T02:32:07.027Z", "user": 1, "content_type": 12, "object_id": "23", "object_repr": "Saturday", "action_flag": 3, "change_message": ""}}, {"model": "admin.logentry", "pk": 140, "fields": {"action_time": "2025-03-01T02:32:07.027Z", "user": 1, "content_type": 12, "object_id": "20", "object_repr": "Saturday", "action_flag": 3, "change_message": ""}}, {"model": "admin.logentry", "pk": 141, "fields": {"action_time": "2025-03-01T02:32:07.027Z", "user": 1, "content_type": 12, "object_id": "25", "object_repr": "Sunday", "action_flag": 3, "change_message": ""}}, {"model": "admin.logentry", "pk": 142, "fields": {"action_time": "2025-03-01T02:32:07.027Z", "user": 1, "content_type": 12, "object_id": "31", "object_repr": "Sunday", "action_flag": 3, "change_message": ""}}, {"model": "admin.logentry", "pk": 143, "fields": {"action_time": "2025-03-01T02:32:17.388Z", "user": 1, "content_type": 12, "object_id": "32", "object_repr": "Monday", "action_flag": 3, "change_message": ""}}, {"model": "admin.logentry", "pk": 144, "fields": {"action_time": "2025-03-01T02:32:17.388Z", "user": 1, "content_type": 12, "object_id": "33", "object_repr": "Tuesday", "action_flag": 3, "change_message": ""}}, {"model": "admin.logentry", "pk": 145, "fields": {"action_time": "2025-03-01T02:32:17.388Z", "user": 1, "content_type": 12, "object_id": "34", "object_repr": "Wednesday", "action_flag": 3, "change_message": ""}}, {"model": "admin.logentry", "pk": 146, "fields": {"action_time": "2025-03-01T02:32:17.388Z", "user": 1, "content_type": 12, "object_id": "36", "object_repr": "Thursday", "action_flag": 3, "change_message": ""}}, {"model": "admin.logentry", "pk": 147, "fields": {"action_time": "2025-03-01T10:14:55.983Z", "user": 1, "content_type": 12, "object_id": "41", "object_repr": "Saturday", "action_flag": 1, "change_message": "[{\"added\": {}}]"}}, {"model": "admin.logentry", "pk": 148, "fields": {"action_time": "2025-03-01T10:15:30.216Z", "user": 1, "content_type": 12, "object_id": "42", "object_repr": "Sunday", "action_flag": 1, "change_message": "[{\"added\": {}}]"}}, {"model": "admin.logentry", "pk": 149, "fields": {"action_time": "2025-03-01T10:15:49.242Z", "user": 1, "content_type": 12, "object_id": "43", "object_repr": "Saturday", "action_flag": 1, "change_message": "[{\"added\": {}}]"}}, {"model": "admin.logentry", "pk": 150, "fields": {"action_time": "2025-03-01T10:16:05.764Z", "user": 1, "content_type": 12, "object_id": "44", "object_repr": "Sunday", "action_flag": 1, "change_message": "[{\"added\": {}}]"}}, {"model": "admin.logentry", "pk": 151, "fields": {"action_time": "2025-03-01T10:16:26.051Z", "user": 1, "content_type": 12, "object_id": "45", "object_repr": "Saturday", "action_flag": 1, "change_message": "[{\"added\": {}}]"}}, {"model": "admin.logentry", "pk": 152, "fields": {"action_time": "2025-03-01T10:17:04.296Z", "user": 1, "content_type": 12, "object_id": "46", "object_repr": "Sunday", "action_flag": 1, "change_message": "[{\"added\": {}}]"}}, {"model": "admin.logentry", "pk": 153, "fields": {"action_time": "2025-03-01T10:17:25.783Z", "user": 1, "content_type": 12, "object_id": "47", "object_repr": "Saturday", "action_flag": 1, "change_message": "[{\"added\": {}}]"}}, {"model": "admin.logentry", "pk": 154, "fields": {"action_time": "2025-03-01T10:17:40.378Z", "user": 1, "content_type": 12, "object_id": "48", "object_repr": "Sunday", "action_flag": 1, "change_message": "[{\"added\": {}}]"}}, {"model": "admin.logentry", "pk": 155, "fields": {"action_time": "2025-03-01T10:45:35.955Z", "user": 1, "content_type": 12, "object_id": "41", "object_repr": "Saturday", "action_flag": 3, "change_message": ""}}, {"model": "admin.logentry", "pk": 156, "fields": {"action_time": "2025-03-01T10:45:58.511Z", "user": 1, "content_type": 12, "object_id": "49", "object_repr": "Saturday", "action_flag": 1, "change_message": "[{\"added\": {}}]"}}, {"model": "admin.logentry", "pk": 157, "fields": {"action_time": "2025-03-01T11:06:55.449Z", "user": 1, "content_type": 12, "object_id": "40", "object_repr": "Saturday", "action_flag": 3, "change_message": ""}}, {"model": "admin.logentry", "pk": 158, "fields": {"action_time": "2025-03-01T11:07:12.954Z", "user": 1, "content_type": 12, "object_id": "50", "object_repr": "Saturday", "action_flag": 1, "change_message": "[{\"added\": {}}]"}}, {"model": "admin.logentry", "pk": 159, "fields": {"action_time": "2025-03-01T11:08:20.211Z", "user": 1, "content_type": 12, "object_id": "50", "object_repr": "Saturday", "action_flag": 3, "change_message": ""}}, {"model": "admin.logentry", "pk": 160, "fields": {"action_time": "2025-03-01T11:08:38.659Z", "user": 1, "content_type": 12, "object_id": "51", "object_repr": "Saturday", "action_flag": 1, "change_message": "[{\"added\": {}}]"}}, {"model": "admin.logentry", "pk": 161, "fields": {"action_time": "2025-03-01T12:26:07.053Z", "user": 1, "content_type": 12, "object_id": "47", "object_repr": "Saturday", "action_flag": 3, "change_message": ""}}, {"model": "admin.logentry", "pk": 162, "fields": {"action_time": "2025-03-01T12:27:05.902Z", "user": 1, "content_type": 12, "object_id": "52", "object_repr": "Saturday", "action_flag": 1, "change_message": "[{\"added\": {}}]"}}, {"model": "admin.logentry", "pk": 163, "fields": {"action_time": "2025-03-01T12:50:44.242Z", "user": 1, "content_type": 13, "object_id": "1", "object_repr": "VAT", "action_flag": 1, "change_message": "[{\"added\": {}}]"}}, {"model": "admin.logentry", "pk": 164, "fields": {"action_time": "2025-03-01T13:12:28.183Z", "user": 1, "content_type": 13, "object_id": "2", "object_repr": "WHT", "action_flag": 1, "change_message": "[{\"added\": {}}]"}}, {"model": "admin.logentry", "pk": 165, "fields": {"action_time": "2025-03-01T13:29:02.403Z", "user": 1, "content_type": 6, "object_id": "30", "object_repr": "third.restaurant@gmail.com", "action_flag": 2, "change_message": "[{\"changed\": {\"fields\": [\"Is active\"]}}]"}}, {"model": "admin.logentry", "pk": 166, "fields": {"action_time": "2025-03-01T23:15:29.194Z", "user": 1, "content_type": 7, "object_id": "23", "object_repr": "trippleba@gmail.com", "action_flag": 2, "change_message": "[{\"changed\": {\"fields\": [\"State\"]}}]"}}, {"model": "admin.logentry", "pk": 167, "fields": {"action_time": "2025-03-01T23:17:22.638Z", "user": 1, "content_type": 6, "object_id": "23", "object_repr": "trippleba@gmail.com", "action_flag": 2, "change_message": "[{\"changed\": {\"fields\": [\"Phone number\"]}}]"}}, {"model": "admin.logentry", "pk": 168, "fields": {"action_time": "2025-03-02T21:22:24.247Z", "user": 1, "content_type": 16, "object_id": "3", "object_repr": "202503021219413", "action_flag": 2, "change_message": "[{\"changed\": {\"fields\": [\"Is ordered\"]}}]"}}, {"model": "admin.logentry", "pk": 169, "fields": {"action_time": "2025-03-05T00:26:00.469Z", "user": 1, "content_type": 16, "object_id": "42", "object_repr": "2025030501171142", "action_flag": 3, "change_message": ""}}, {"model": "admin.logentry", "pk": 170, "fields": {"action_time": "2025-03-05T00:26:00.470Z", "user": 1, "content_type": 16, "object_id": "41", "object_repr": "2025030500464141", "action_flag": 3, "change_message": ""}}, {"model": "admin.logentry", "pk": 171, "fields": {"action_time": "2025-03-05T00:26:00.470Z", "user": 1, "content_type": 16, "object_id": "40", "object_repr": "2025030500462040", "action_flag": 3, "change_message": ""}}, {"model": "admin.logentry", "pk": 172, "fields": {"action_time": "2025-03-05T00:26:00.470Z", "user": 1, "content_type": 16, "object_id": "39", "object_repr": "2025030500433839", "action_flag": 3, "change_message": ""}}, {"model": "admin.logentry", "pk": 173, "fields": {"action_time": "2025-03-05T00:26:00.470Z", "user": 1, "content_type": 16, "object_id": "38", "object_repr": "2025030500410938", "action_flag": 3, "change_message": ""}}, {"model": "admin.logentry", "pk": 174, "fields": {"action_time": "2025-03-05T00:26:00.470Z", "user": 1, "content_type": 16, "object_id": "37", "object_repr": "2025030423370737", "action_flag": 3, "change_message": ""}}, {"model": "admin.logentry", "pk": 175, "fields": {"action_time": "2025-03-05T00:26:00.471Z", "user": 1, "content_type": 16, "object_id": "36", "object_repr": "2025030422195736", "action_flag": 3, "change_message": ""}}, {"model": "admin.logentry", "pk": 176, "fields": {"action_time": "2025-03-05T00:26:00.471Z", "user": 1, "content_type": 16, "object_id": "35", "object_repr": "2025030422181735", "action_flag": 3, "change_message": ""}}, {"model": "admin.logentry", "pk": 177, "fields": {"action_time": "2025-03-05T00:26:00.471Z", "user": 1, "content_type": 16, "object_id": "34", "object_repr": "2025030422165234", "action_flag": 3, "change_message": ""}}, {"model": "admin.logentry", "pk": 178, "fields": {"action_time": "2025-03-05T00:26:00.471Z", "user": 1, "content_type": 16, "object_id": "33", "object_repr": "2025030420343333", "action_flag": 3, "change_message": ""}}, {"model": "admin.logentry", "pk": 179, "fields": {"action_time": "2025-03-05T00:26:00.471Z", "user": 1, "content_type": 16, "object_id": "32", "object_repr": "2025030420325032", "action_flag": 3, "change_message": ""}}, {"model": "admin.logentry", "pk": 180, "fields": {"action_time": "2025-03-05T06:39:53.763Z", "user": 1, "content_type": 8, "object_id": "9", "object_repr": "Moshtej", "action_flag": 2, "change_message": "[{\"changed\": {\"fields\": [\"Is approved\"]}}]"}}, {"model": "admin.logentry", "pk": 181, "fields": {"action_time": "2025-03-05T12:40:52.340Z", "user": 1, "content_type": 16, "object_id": "46", "object_repr": "2025030507595746", "action_flag": 3, "change_message": ""}}, {"model": "admin.logentry", "pk": 182, "fields": {"action_time": "2025-03-05T12:40:52.341Z", "user": 1, "content_type": 16, "object_id": "45", "object_repr": "2025030507584145", "action_flag": 3, "change_message": ""}}, {"model": "admin.logentry", "pk": 183, "fields": {"action_time": "2025-03-05T12:40:52.341Z", "user": 1, "content_type": 16, "object_id": "44", "object_repr": "2025030507304944", "action_flag": 3, "change_message": ""}}, {"model": "admin.logentry", "pk": 184, "fields": {"action_time": "2025-03-05T12:40:52.341Z", "user": 1, "content_type": 16, "object_id": "43", "object_repr": "2025030501262643", "action_flag": 3, "change_message": ""}}, {"model": "admin.logentry", "pk": 185, "fields": {"action_time": "2025-03-05T12:40:52.341Z", "user": 1, "content_type": 16, "object_id": "24", "object_repr": "2025030412200724", "action_flag": 3, "change_message": ""}}, {"model": "admin.logentry", "pk": 186, "fields": {"action_time": "2025-03-05T12:40:52.341Z", "user": 1, "content_type": 16, "object_id": "22", "object_repr": "2025030411480522", "action_flag": 3, "change_message": ""}}, {"model": "admin.logentry", "pk": 187, "fields": {"action_time": "2025-03-05T12:40:52.341Z", "user": 1, "content_type": 16, "object_id": "21", "object_repr": "2025030411423321", "action_flag": 3, "change_message": ""}}, {"model": "admin.logentry", "pk": 188, "fields": {"action_time": "2025-03-05T12:40:52.341Z", "user": 1, "content_type": 16, "object_id": "20", "object_repr": "2025030411415120", "action_flag": 3, "change_message": ""}}, {"model": "admin.logentry", "pk": 189, "fields": {"action_time": "2025-03-05T12:40:52.341Z", "user": 1, "content_type": 16, "object_id": "19", "object_repr": "2025030411382219", "action_flag": 3, "change_message": ""}}, {"model": "admin.logentry", "pk": 190, "fields": {"action_time": "2025-03-05T12:40:52.341Z", "user": 1, "content_type": 16, "object_id": "18", "object_repr": "2025030411372818", "action_flag": 3, "change_message": ""}}, {"model": "admin.logentry", "pk": 191, "fields": {"action_time": "2025-03-05T12:40:52.341Z", "user": 1, "content_type": 16, "object_id": "17", "object_repr": "2025030411365717", "action_flag": 3, "change_message": ""}}, {"model": "admin.logentry", "pk": 192, "fields": {"action_time": "2025-03-05T12:40:52.341Z", "user": 1, "content_type": 16, "object_id": "12", "object_repr": "2025030408555612", "action_flag": 3, "change_message": ""}}, {"model": "admin.logentry", "pk": 193, "fields": {"action_time": "2025-03-05T12:40:52.341Z", "user": 1, "content_type": 16, "object_id": "9", "object_repr": "202503040819509", "action_flag": 3, "change_message": ""}}, {"model": "admin.logentry", "pk": 194, "fields": {"action_time": "2025-03-05T12:40:52.341Z", "user": 1, "content_type": 16, "object_id": "7", "object_repr": "202503032323477", "action_flag": 3, "change_message": ""}}, {"model": "admin.logentry", "pk": 195, "fields": {"action_time": "2025-03-05T12:40:52.341Z", "user": 1, "content_type": 16, "object_id": "6", "object_repr": "202503032322576", "action_flag": 3, "change_message": ""}}, {"model": "admin.logentry", "pk": 196, "fields": {"action_time": "2025-03-05T12:40:52.342Z", "user": 1, "content_type": 16, "object_id": "5", "object_repr": "202503032321075", "action_flag": 3, "change_message": ""}}, {"model": "admin.logentry", "pk": 197, "fields": {"action_time": "2025-03-05T12:40:52.342Z", "user": 1, "content_type": 16, "object_id": "4", "object_repr": "202503032316084", "action_flag": 3, "change_message": ""}}, {"model": "admin.logentry", "pk": 198, "fields": {"action_time": "2025-03-05T12:40:52.342Z", "user": 1, "content_type": 16, "object_id": "3", "object_repr": "202503021219413", "action_flag": 3, "change_message": ""}}, {"model": "admin.logentry", "pk": 199, "fields": {"action_time": "2025-03-05T12:40:52.342Z", "user": 1, "content_type": 16, "object_id": "2", "object_repr": "20250302121751None", "action_flag": 3, "change_message": ""}}, {"model": "admin.logentry", "pk": 200, "fields": {"action_time": "2025-03-05T12:40:52.342Z", "user": 1, "content_type": 16, "object_id": "1", "object_repr": "123", "action_flag": 3, "change_message": ""}}, {"model": "admin.logentry", "pk": 201, "fields": {"action_time": "2025-03-05T12:41:46.050Z", "user": 1, "content_type": 16, "object_id": "81", "object_repr": "2025030513362381", "action_flag": 3, "change_message": ""}}, {"model": "admin.logentry", "pk": 202, "fields": {"action_time": "2025-03-05T12:41:46.050Z", "user": 1, "content_type": 16, "object_id": "80", "object_repr": "2025030513072780", "action_flag": 3, "change_message": ""}}, {"model": "admin.logentry", "pk": 203, "fields": {"action_time": "2025-03-05T12:41:46.050Z", "user": 1, "content_type": 16, "object_id": "79", "object_repr": "2025030513031579", "action_flag": 3, "change_message": ""}}, {"model": "admin.logentry", "pk": 204, "fields": {"action_time": "2025-03-05T12:41:46.050Z", "user": 1, "content_type": 16, "object_id": "78", "object_repr": "2025030511244178", "action_flag": 3, "change_message": ""}}, {"model": "admin.logentry", "pk": 205, "fields": {"action_time": "2025-03-05T12:41:46.050Z", "user": 1, "content_type": 16, "object_id": "77", "object_repr": "2025030511202677", "action_flag": 3, "change_message": ""}}, {"model": "admin.logentry", "pk": 206, "fields": {"action_time": "2025-03-05T12:41:46.050Z", "user": 1, "content_type": 16, "object_id": "76", "object_repr": "2025030511155876", "action_flag": 3, "change_message": ""}}, {"model": "admin.logentry", "pk": 207, "fields": {"action_time": "2025-03-05T12:41:46.050Z", "user": 1, "content_type": 16, "object_id": "75", "object_repr": "2025030511154275", "action_flag": 3, "change_message": ""}}, {"model": "admin.logentry", "pk": 208, "fields": {"action_time": "2025-03-05T12:41:46.050Z", "user": 1, "content_type": 16, "object_id": "74", "object_repr": "2025030511101674", "action_flag": 3, "change_message": ""}}, {"model": "admin.logentry", "pk": 209, "fields": {"action_time": "2025-03-05T12:41:46.050Z", "user": 1, "content_type": 16, "object_id": "73", "object_repr": "2025030511092273", "action_flag": 3, "change_message": ""}}, {"model": "admin.logentry", "pk": 210, "fields": {"action_time": "2025-03-05T12:41:46.050Z", "user": 1, "content_type": 16, "object_id": "72", "object_repr": "2025030511084772", "action_flag": 3, "change_message": ""}}, {"model": "admin.logentry", "pk": 211, "fields": {"action_time": "2025-03-05T12:41:46.050Z", "user": 1, "content_type": 16, "object_id": "71", "object_repr": "2025030511081871", "action_flag": 3, "change_message": ""}}, {"model": "admin.logentry", "pk": 212, "fields": {"action_time": "2025-03-05T12:41:46.050Z", "user": 1, "content_type": 16, "object_id": "70", "object_repr": "2025030510420870", "action_flag": 3, "change_message": ""}}, {"model": "admin.logentry", "pk": 213, "fields": {"action_time": "2025-03-05T12:41:46.050Z", "user": 1, "content_type": 16, "object_id": "69", "object_repr": "2025030510413669", "action_flag": 3, "change_message": ""}}, {"model": "admin.logentry", "pk": 214, "fields": {"action_time": "2025-03-05T12:41:46.050Z", "user": 1, "content_type": 16, "object_id": "68", "object_repr": "2025030510410968", "action_flag": 3, "change_message": ""}}, {"model": "admin.logentry", "pk": 215, "fields": {"action_time": "2025-03-05T12:41:46.051Z", "user": 1, "content_type": 16, "object_id": "67", "object_repr": "2025030510151467", "action_flag": 3, "change_message": ""}}, {"model": "admin.logentry", "pk": 216, "fields": {"action_time": "2025-03-05T12:41:46.051Z", "user": 1, "content_type": 16, "object_id": "66", "object_repr": "2025030510150166", "action_flag": 3, "change_message": ""}}, {"model": "admin.logentry", "pk": 217, "fields": {"action_time": "2025-03-05T12:41:46.051Z", "user": 1, "content_type": 16, "object_id": "65", "object_repr": "2025030510144065", "action_flag": 3, "change_message": ""}}, {"model": "admin.logentry", "pk": 218, "fields": {"action_time": "2025-03-05T12:41:46.051Z", "user": 1, "content_type": 16, "object_id": "64", "object_repr": "2025030510134164", "action_flag": 3, "change_message": ""}}, {"model": "admin.logentry", "pk": 219, "fields": {"action_time": "2025-03-05T12:41:46.051Z", "user": 1, "content_type": 16, "object_id": "63", "object_repr": "2025030510132463", "action_flag": 3, "change_message": ""}}, {"model": "admin.logentry", "pk": 220, "fields": {"action_time": "2025-03-05T12:41:46.051Z", "user": 1, "content_type": 16, "object_id": "62", "object_repr": "2025030510114962", "action_flag": 3, "change_message": ""}}, {"model": "admin.logentry", "pk": 221, "fields": {"action_time": "2025-03-05T12:41:46.051Z", "user": 1, "content_type": 16, "object_id": "61", "object_repr": "2025030510110161", "action_flag": 3, "change_message": ""}}, {"model": "admin.logentry", "pk": 222, "fields": {"action_time": "2025-03-05T12:41:46.051Z", "user": 1, "content_type": 16, "object_id": "60", "object_repr": "2025030510090760", "action_flag": 3, "change_message": ""}}, {"model": "admin.logentry", "pk": 223, "fields": {"action_time": "2025-03-05T12:41:46.051Z", "user": 1, "content_type": 16, "object_id": "59", "object_repr": "2025030510080559", "action_flag": 3, "change_message": ""}}, {"model": "admin.logentry", "pk": 224, "fields": {"action_time": "2025-03-05T12:41:46.051Z", "user": 1, "content_type": 16, "object_id": "58", "object_repr": "2025030510072858", "action_flag": 3, "change_message": ""}}, {"model": "admin.logentry", "pk": 225, "fields": {"action_time": "2025-03-05T12:41:46.051Z", "user": 1, "content_type": 16, "object_id": "57", "object_repr": "2025030510062257", "action_flag": 3, "change_message": ""}}, {"model": "admin.logentry", "pk": 226, "fields": {"action_time": "2025-03-05T12:41:46.051Z", "user": 1, "content_type": 16, "object_id": "56", "object_repr": "2025030509554556", "action_flag": 3, "change_message": ""}}, {"model": "admin.logentry", "pk": 227, "fields": {"action_time": "2025-03-05T12:41:46.051Z", "user": 1, "content_type": 16, "object_id": "55", "object_repr": "2025030509531755", "action_flag": 3, "change_message": ""}}, {"model": "admin.logentry", "pk": 228, "fields": {"action_time": "2025-03-05T12:41:46.052Z", "user": 1, "content_type": 16, "object_id": "54", "object_repr": "2025030509513554", "action_flag": 3, "change_message": ""}}, {"model": "admin.logentry", "pk": 229, "fields": {"action_time": "2025-03-05T12:41:46.052Z", "user": 1, "content_type": 16, "object_id": "53", "object_repr": "2025030509480153", "action_flag": 3, "change_message": ""}}, {"model": "admin.logentry", "pk": 230, "fields": {"action_time": "2025-03-05T12:41:46.052Z", "user": 1, "content_type": 16, "object_id": "52", "object_repr": "2025030509471952", "action_flag": 3, "change_message": ""}}, {"model": "admin.logentry", "pk": 231, "fields": {"action_time": "2025-03-05T12:41:46.052Z", "user": 1, "content_type": 16, "object_id": "51", "object_repr": "2025030509433551", "action_flag": 3, "change_message": ""}}, {"model": "admin.logentry", "pk": 232, "fields": {"action_time": "2025-03-05T12:41:46.052Z", "user": 1, "content_type": 16, "object_id": "50", "object_repr": "2025030509420550", "action_flag": 3, "change_message": ""}}, {"model": "admin.logentry", "pk": 233, "fields": {"action_time": "2025-03-05T12:41:46.052Z", "user": 1, "content_type": 16, "object_id": "49", "object_repr": "2025030509405849", "action_flag": 3, "change_message": ""}}, {"model": "admin.logentry", "pk": 234, "fields": {"action_time": "2025-03-05T12:41:46.052Z", "user": 1, "content_type": 16, "object_id": "48", "object_repr": "2025030509351448", "action_flag": 3, "change_message": ""}}, {"model": "admin.logentry", "pk": 235, "fields": {"action_time": "2025-03-06T21:59:42.728Z", "user": 1, "content_type": 16, "object_id": "142", "object_repr": "20250306225809142", "action_flag": 2, "change_message": "[{\"changed\": {\"fields\": [\"Is ordered\"]}}]"}}, {"model": "admin.logentry", "pk": 236, "fields": {"action_time": "2025-03-07T15:14:02.686Z", "user": 1, "content_type": 16, "object_id": "168", "object_repr": "20250307095453168", "action_flag": 3, "change_message": ""}}, {"model": "admin.logentry", "pk": 237, "fields": {"action_time": "2025-03-07T15:14:02.686Z", "user": 1, "content_type": 16, "object_id": "167", "object_repr": "20250307094926167", "action_flag": 3, "change_message": ""}}, {"model": "admin.logentry", "pk": 238, "fields": {"action_time": "2025-03-07T15:14:02.686Z", "user": 1, "content_type": 16, "object_id": "166", "object_repr": "20250307094829166", "action_flag": 3, "change_message": ""}}, {"model": "admin.logentry", "pk": 239, "fields": {"action_time": "2025-03-07T15:14:02.686Z", "user": 1, "content_type": 16, "object_id": "165", "object_repr": "20250307083417165", "action_flag": 3, "change_message": ""}}, {"model": "admin.logentry", "pk": 240, "fields": {"action_time": "2025-03-07T15:14:02.686Z", "user": 1, "content_type": 16, "object_id": "164", "object_repr": "20250307083338164", "action_flag": 3, "change_message": ""}}, {"model": "admin.logentry", "pk": 241, "fields": {"action_time": "2025-03-07T15:14:02.686Z", "user": 1, "content_type": 16, "object_id": "163", "object_repr": "20250307083254163", "action_flag": 3, "change_message": ""}}, {"model": "admin.logentry", "pk": 242, "fields": {"action_time": "2025-03-07T15:14:02.687Z", "user": 1, "content_type": 16, "object_id": "162", "object_repr": "20250307083147162", "action_flag": 3, "change_message": ""}}, {"model": "admin.logentry", "pk": 243, "fields": {"action_time": "2025-03-07T15:14:02.687Z", "user": 1, "content_type": 16, "object_id": "161", "object_repr": "20250307082858161", "action_flag": 3, "change_message": ""}}, {"model": "admin.logentry", "pk": 244, "fields": {"action_time": "2025-03-07T15:14:02.687Z", "user": 1, "content_type": 16, "object_id": "160", "object_repr": "20250307081003160", "action_flag": 3, "change_message": ""}}, {"model": "admin.logentry", "pk": 245, "fields": {"action_time": "2025-03-07T15:14:02.687Z", "user": 1, "content_type": 16, "object_id": "159", "object_repr": "20250307080734159", "action_flag": 3, "change_message": ""}}, {"model": "admin.logentry", "pk": 246, "fields": {"action_time": "2025-03-07T15:14:02.687Z", "user": 1, "content_type": 16, "object_id": "158", "object_repr": "20250307080708158", "action_flag": 3, "change_message": ""}}, {"model": "admin.logentry", "pk": 247, "fields": {"action_time": "2025-03-07T15:14:02.687Z", "user": 1, "content_type": 16, "object_id": "157", "object_repr": "20250307080332157", "action_flag": 3, "change_message": ""}}, {"model": "admin.logentry", "pk": 248, "fields": {"action_time": "2025-03-07T15:14:02.687Z", "user": 1, "content_type": 16, "object_id": "156", "object_repr": "20250307080316156", "action_flag": 3, "change_message": ""}}, {"model": "admin.logentry", "pk": 249, "fields": {"action_time": "2025-03-07T15:14:02.687Z", "user": 1, "content_type": 16, "object_id": "155", "object_repr": "20250307080057155", "action_flag": 3, "change_message": ""}}, {"model": "admin.logentry", "pk": 250, "fields": {"action_time": "2025-03-07T15:14:02.687Z", "user": 1, "content_type": 16, "object_id": "154", "object_repr": "20250307075523154", "action_flag": 3, "change_message": ""}}, {"model": "admin.logentry", "pk": 251, "fields": {"action_time": "2025-03-07T15:14:02.687Z", "user": 1, "content_type": 16, "object_id": "153", "object_repr": "20250307023145153", "action_flag": 3, "change_message": ""}}, {"model": "admin.logentry", "pk": 252, "fields": {"action_time": "2025-03-07T15:14:02.687Z", "user": 1, "content_type": 16, "object_id": "152", "object_repr": "20250307023041152", "action_flag": 3, "change_message": ""}}, {"model": "admin.logentry", "pk": 253, "fields": {"action_time": "2025-03-07T15:14:02.687Z", "user": 1, "content_type": 16, "object_id": "151", "object_repr": "20250307022604151", "action_flag": 3, "change_message": ""}}, {"model": "admin.logentry", "pk": 254, "fields": {"action_time": "2025-03-07T15:14:02.687Z", "user": 1, "content_type": 16, "object_id": "150", "object_repr": "20250307022240150", "action_flag": 3, "change_message": ""}}, {"model": "admin.logentry", "pk": 255, "fields": {"action_time": "2025-03-07T15:14:02.687Z", "user": 1, "content_type": 16, "object_id": "149", "object_repr": "20250307021212149", "action_flag": 3, "change_message": ""}}, {"model": "admin.logentry", "pk": 256, "fields": {"action_time": "2025-03-07T15:14:02.688Z", "user": 1, "content_type": 16, "object_id": "148", "object_repr": "20250307014409148", "action_flag": 3, "change_message": ""}}, {"model": "admin.logentry", "pk": 257, "fields": {"action_time": "2025-03-07T15:14:02.688Z", "user": 1, "content_type": 16, "object_id": "147", "object_repr": "20250307013230147", "action_flag": 3, "change_message": ""}}, {"model": "admin.logentry", "pk": 258, "fields": {"action_time": "2025-03-07T15:14:02.688Z", "user": 1, "content_type": 16, "object_id": "146", "object_repr": "20250307012156146", "action_flag": 3, "change_message": ""}}, {"model": "admin.logentry", "pk": 259, "fields": {"action_time": "2025-03-07T15:14:02.688Z", "user": 1, "content_type": 16, "object_id": "145", "object_repr": "20250307012041145", "action_flag": 3, "change_message": ""}}, {"model": "admin.logentry", "pk": 260, "fields": {"action_time": "2025-03-07T15:14:02.688Z", "user": 1, "content_type": 16, "object_id": "144", "object_repr": "20250307010228144", "action_flag": 3, "change_message": ""}}, {"model": "admin.logentry", "pk": 261, "fields": {"action_time": "2025-03-07T15:14:02.688Z", "user": 1, "content_type": 16, "object_id": "143", "object_repr": "20250307002213143", "action_flag": 3, "change_message": ""}}, {"model": "admin.logentry", "pk": 262, "fields": {"action_time": "2025-03-07T15:14:02.688Z", "user": 1, "content_type": 16, "object_id": "142", "object_repr": "20250306225809142", "action_flag": 3, "change_message": ""}}, {"model": "admin.logentry", "pk": 263, "fields": {"action_time": "2025-03-07T15:14:02.688Z", "user": 1, "content_type": 16, "object_id": "141", "object_repr": "20250306225630141", "action_flag": 3, "change_message": ""}}, {"model": "admin.logentry", "pk": 264, "fields": {"action_time": "2025-03-07T15:14:02.688Z", "user": 1, "content_type": 16, "object_id": "140", "object_repr": "20250306224949140", "action_flag": 3, "change_message": ""}}, {"model": "admin.logentry", "pk": 265, "fields": {"action_time": "2025-03-07T15:14:02.688Z", "user": 1, "content_type": 16, "object_id": "139", "object_repr": "20250306224456139", "action_flag": 3, "change_message": ""}}, {"model": "admin.logentry", "pk": 266, "fields": {"action_time": "2025-03-07T15:14:02.688Z", "user": 1, "content_type": 16, "object_id": "138", "object_repr": "20250306224141138", "action_flag": 3, "change_message": ""}}, {"model": "admin.logentry", "pk": 267, "fields": {"action_time": "2025-03-07T15:14:02.688Z", "user": 1, "content_type": 16, "object_id": "137", "object_repr": "20250306224043137", "action_flag": 3, "change_message": ""}}, {"model": "admin.logentry", "pk": 268, "fields": {"action_time": "2025-03-07T15:14:02.688Z", "user": 1, "content_type": 16, "object_id": "136", "object_repr": "20250306223540136", "action_flag": 3, "change_message": ""}}, {"model": "admin.logentry", "pk": 269, "fields": {"action_time": "2025-03-07T15:14:02.688Z", "user": 1, "content_type": 16, "object_id": "135", "object_repr": "20250306223041135", "action_flag": 3, "change_message": ""}}, {"model": "admin.logentry", "pk": 270, "fields": {"action_time": "2025-03-07T15:14:02.689Z", "user": 1, "content_type": 16, "object_id": "134", "object_repr": "20250306222012134", "action_flag": 3, "change_message": ""}}, {"model": "admin.logentry", "pk": 271, "fields": {"action_time": "2025-03-07T15:14:02.689Z", "user": 1, "content_type": 16, "object_id": "133", "object_repr": "20250306221853133", "action_flag": 3, "change_message": ""}}, {"model": "admin.logentry", "pk": 272, "fields": {"action_time": "2025-03-07T15:14:02.689Z", "user": 1, "content_type": 16, "object_id": "132", "object_repr": "20250306214545132", "action_flag": 3, "change_message": ""}}, {"model": "admin.logentry", "pk": 273, "fields": {"action_time": "2025-03-07T15:14:02.689Z", "user": 1, "content_type": 16, "object_id": "131", "object_repr": "20250306214050131", "action_flag": 3, "change_message": ""}}, {"model": "admin.logentry", "pk": 274, "fields": {"action_time": "2025-03-07T15:14:02.689Z", "user": 1, "content_type": 16, "object_id": "130", "object_repr": "20250306213624130", "action_flag": 3, "change_message": ""}}, {"model": "admin.logentry", "pk": 275, "fields": {"action_time": "2025-03-07T15:14:02.689Z", "user": 1, "content_type": 16, "object_id": "129", "object_repr": "20250306213330129", "action_flag": 3, "change_message": ""}}, {"model": "admin.logentry", "pk": 276, "fields": {"action_time": "2025-03-07T15:14:02.689Z", "user": 1, "content_type": 16, "object_id": "128", "object_repr": "20250306213145128", "action_flag": 3, "change_message": ""}}, {"model": "admin.logentry", "pk": 277, "fields": {"action_time": "2025-03-07T15:14:02.689Z", "user": 1, "content_type": 16, "object_id": "127", "object_repr": "20250306212736127", "action_flag": 3, "change_message": ""}}, {"model": "admin.logentry", "pk": 278, "fields": {"action_time": "2025-03-07T15:14:02.689Z", "user": 1, "content_type": 16, "object_id": "126", "object_repr": "20250306205843126", "action_flag": 3, "change_message": ""}}, {"model": "admin.logentry", "pk": 279, "fields": {"action_time": "2025-03-07T15:14:02.689Z", "user": 1, "content_type": 16, "object_id": "125", "object_repr": "20250306205640125", "action_flag": 3, "change_message": ""}}, {"model": "admin.logentry", "pk": 280, "fields": {"action_time": "2025-03-07T15:14:02.689Z", "user": 1, "content_type": 16, "object_id": "124", "object_repr": "20250306203116124", "action_flag": 3, "change_message": ""}}, {"model": "admin.logentry", "pk": 281, "fields": {"action_time": "2025-03-07T15:14:02.689Z", "user": 1, "content_type": 16, "object_id": "123", "object_repr": "20250306203041123", "action_flag": 3, "change_message": ""}}, {"model": "admin.logentry", "pk": 282, "fields": {"action_time": "2025-03-07T15:14:02.689Z", "user": 1, "content_type": 16, "object_id": "122", "object_repr": "20250306201428122", "action_flag": 3, "change_message": ""}}, {"model": "admin.logentry", "pk": 283, "fields": {"action_time": "2025-03-07T15:14:02.689Z", "user": 1, "content_type": 16, "object_id": "121", "object_repr": "20250306201230121", "action_flag": 3, "change_message": ""}}, {"model": "admin.logentry", "pk": 284, "fields": {"action_time": "2025-03-07T15:14:02.689Z", "user": 1, "content_type": 16, "object_id": "120", "object_repr": "20250306201204120", "action_flag": 3, "change_message": ""}}, {"model": "admin.logentry", "pk": 285, "fields": {"action_time": "2025-03-07T15:14:02.690Z", "user": 1, "content_type": 16, "object_id": "119", "object_repr": "20250306201049119", "action_flag": 3, "change_message": ""}}, {"model": "admin.logentry", "pk": 286, "fields": {"action_time": "2025-03-07T15:14:02.690Z", "user": 1, "content_type": 16, "object_id": "118", "object_repr": "20250306200926118", "action_flag": 3, "change_message": ""}}, {"model": "admin.logentry", "pk": 287, "fields": {"action_time": "2025-03-07T15:14:02.690Z", "user": 1, "content_type": 16, "object_id": "117", "object_repr": "20250306194120117", "action_flag": 3, "change_message": ""}}, {"model": "admin.logentry", "pk": 288, "fields": {"action_time": "2025-03-07T15:14:02.690Z", "user": 1, "content_type": 16, "object_id": "116", "object_repr": "20250306192825116", "action_flag": 3, "change_message": ""}}, {"model": "admin.logentry", "pk": 289, "fields": {"action_time": "2025-03-07T15:14:02.690Z", "user": 1, "content_type": 16, "object_id": "115", "object_repr": "20250306182134115", "action_flag": 3, "change_message": ""}}, {"model": "admin.logentry", "pk": 290, "fields": {"action_time": "2025-03-07T15:14:02.690Z", "user": 1, "content_type": 16, "object_id": "114", "object_repr": "20250306181046114", "action_flag": 3, "change_message": ""}}, {"model": "admin.logentry", "pk": 291, "fields": {"action_time": "2025-03-07T15:14:02.690Z", "user": 1, "content_type": 16, "object_id": "113", "object_repr": "20250306175735113", "action_flag": 3, "change_message": ""}}, {"model": "admin.logentry", "pk": 292, "fields": {"action_time": "2025-03-07T15:14:02.690Z", "user": 1, "content_type": 16, "object_id": "112", "object_repr": "20250306175147112", "action_flag": 3, "change_message": ""}}, {"model": "admin.logentry", "pk": 293, "fields": {"action_time": "2025-03-07T15:14:02.690Z", "user": 1, "content_type": 16, "object_id": "111", "object_repr": "20250306175042111", "action_flag": 3, "change_message": ""}}, {"model": "admin.logentry", "pk": 294, "fields": {"action_time": "2025-03-07T15:14:02.690Z", "user": 1, "content_type": 16, "object_id": "110", "object_repr": "20250306174554110", "action_flag": 3, "change_message": ""}}, {"model": "admin.logentry", "pk": 295, "fields": {"action_time": "2025-03-07T15:14:02.690Z", "user": 1, "content_type": 16, "object_id": "109", "object_repr": "20250306172710109", "action_flag": 3, "change_message": ""}}, {"model": "admin.logentry", "pk": 296, "fields": {"action_time": "2025-03-07T15:14:02.690Z", "user": 1, "content_type": 16, "object_id": "108", "object_repr": "20250306172600108", "action_flag": 3, "change_message": ""}}, {"model": "admin.logentry", "pk": 297, "fields": {"action_time": "2025-03-07T15:14:02.690Z", "user": 1, "content_type": 16, "object_id": "107", "object_repr": "20250306172517107", "action_flag": 3, "change_message": ""}}, {"model": "admin.logentry", "pk": 298, "fields": {"action_time": "2025-03-07T15:14:02.690Z", "user": 1, "content_type": 16, "object_id": "106", "object_repr": "20250306172303106", "action_flag": 3, "change_message": ""}}, {"model": "admin.logentry", "pk": 299, "fields": {"action_time": "2025-03-07T15:14:02.690Z", "user": 1, "content_type": 16, "object_id": "105", "object_repr": "20250306172142105", "action_flag": 3, "change_message": ""}}, {"model": "admin.logentry", "pk": 300, "fields": {"action_time": "2025-03-07T15:14:02.691Z", "user": 1, "content_type": 16, "object_id": "104", "object_repr": "20250306172028104", "action_flag": 3, "change_message": ""}}, {"model": "admin.logentry", "pk": 301, "fields": {"action_time": "2025-03-07T15:14:02.691Z", "user": 1, "content_type": 16, "object_id": "103", "object_repr": "20250306171945103", "action_flag": 3, "change_message": ""}}, {"model": "admin.logentry", "pk": 302, "fields": {"action_time": "2025-03-07T15:14:02.691Z", "user": 1, "content_type": 16, "object_id": "102", "object_repr": "20250306160327102", "action_flag": 3, "change_message": ""}}, {"model": "admin.logentry", "pk": 303, "fields": {"action_time": "2025-03-07T15:14:02.691Z", "user": 1, "content_type": 16, "object_id": "101", "object_repr": "20250306155117101", "action_flag": 3, "change_message": ""}}, {"model": "admin.logentry", "pk": 304, "fields": {"action_time": "2025-03-07T15:14:02.691Z", "user": 1, "content_type": 16, "object_id": "100", "object_repr": "20250306154258100", "action_flag": 3, "change_message": ""}}, {"model": "admin.logentry", "pk": 305, "fields": {"action_time": "2025-03-07T15:14:02.691Z", "user": 1, "content_type": 16, "object_id": "99", "object_repr": "2025030615002499", "action_flag": 3, "change_message": ""}}, {"model": "admin.logentry", "pk": 306, "fields": {"action_time": "2025-03-07T15:14:02.691Z", "user": 1, "content_type": 16, "object_id": "98", "object_repr": "2025030614501298", "action_flag": 3, "change_message": ""}}, {"model": "admin.logentry", "pk": 307, "fields": {"action_time": "2025-03-07T15:14:02.691Z", "user": 1, "content_type": 16, "object_id": "97", "object_repr": "2025030614471597", "action_flag": 3, "change_message": ""}}, {"model": "admin.logentry", "pk": 308, "fields": {"action_time": "2025-03-07T15:14:02.691Z", "user": 1, "content_type": 16, "object_id": "96", "object_repr": "2025030614063296", "action_flag": 3, "change_message": ""}}, {"model": "admin.logentry", "pk": 309, "fields": {"action_time": "2025-03-07T15:14:02.691Z", "user": 1, "content_type": 16, "object_id": "95", "object_repr": "2025030612521295", "action_flag": 3, "change_message": ""}}, {"model": "admin.logentry", "pk": 310, "fields": {"action_time": "2025-03-07T15:14:02.691Z", "user": 1, "content_type": 16, "object_id": "94", "object_repr": "2025030612505194", "action_flag": 3, "change_message": ""}}, {"model": "admin.logentry", "pk": 311, "fields": {"action_time": "2025-03-07T15:14:02.691Z", "user": 1, "content_type": 16, "object_id": "93", "object_repr": "2025030612494793", "action_flag": 3, "change_message": ""}}, {"model": "admin.logentry", "pk": 312, "fields": {"action_time": "2025-03-07T15:14:02.691Z", "user": 1, "content_type": 16, "object_id": "92", "object_repr": "2025030516124692", "action_flag": 3, "change_message": ""}}, {"model": "admin.logentry", "pk": 313, "fields": {"action_time": "2025-03-07T15:14:02.691Z", "user": 1, "content_type": 16, "object_id": "91", "object_repr": "2025030516054291", "action_flag": 3, "change_message": ""}}, {"model": "admin.logentry", "pk": 314, "fields": {"action_time": "2025-03-07T15:14:02.691Z", "user": 1, "content_type": 16, "object_id": "90", "object_repr": "2025030515474090", "action_flag": 3, "change_message": ""}}, {"model": "admin.logentry", "pk": 315, "fields": {"action_time": "2025-03-07T15:14:02.691Z", "user": 1, "content_type": 16, "object_id": "89", "object_repr": "2025030515253889", "action_flag": 3, "change_message": ""}}, {"model": "admin.logentry", "pk": 316, "fields": {"action_time": "2025-03-07T15:14:02.691Z", "user": 1, "content_type": 16, "object_id": "88", "object_repr": "2025030515073488", "action_flag": 3, "change_message": ""}}, {"model": "admin.logentry", "pk": 317, "fields": {"action_time": "2025-03-07T15:14:02.691Z", "user": 1, "content_type": 16, "object_id": "87", "object_repr": "2025030515055587", "action_flag": 3, "change_message": ""}}, {"model": "admin.logentry", "pk": 318, "fields": {"action_time": "2025-03-07T15:14:02.691Z", "user": 1, "content_type": 16, "object_id": "86", "object_repr": "2025030514472486", "action_flag": 3, "change_message": ""}}, {"model": "admin.logentry", "pk": 319, "fields": {"action_time": "2025-03-07T15:14:02.691Z", "user": 1, "content_type": 16, "object_id": "85", "object_repr": "2025030514284385", "action_flag": 3, "change_message": ""}}, {"model": "admin.logentry", "pk": 320, "fields": {"action_time": "2025-03-07T15:14:02.691Z", "user": 1, "content_type": 16, "object_id": "84", "object_repr": "2025030514282084", "action_flag": 3, "change_message": ""}}, {"model": "admin.logentry", "pk": 321, "fields": {"action_time": "2025-03-07T15:14:02.691Z", "user": 1, "content_type": 16, "object_id": "83", "object_repr": "2025030513560483", "action_flag": 3, "change_message": ""}}, {"model": "admin.logentry", "pk": 322, "fields": {"action_time": "2025-03-07T15:14:02.691Z", "user": 1, "content_type": 16, "object_id": "82", "object_repr": "2025030513444282", "action_flag": 3, "change_message": ""}}, {"model": "admin.logentry", "pk": 323, "fields": {"action_time": "2025-03-07T15:14:02.691Z", "user": 1, "content_type": 16, "object_id": "47", "object_repr": "2025030508101147", "action_flag": 3, "change_message": ""}}, {"model": "admin.logentry", "pk": 324, "fields": {"action_time": "2025-03-07T15:14:02.691Z", "user": 1, "content_type": 16, "object_id": "31", "object_repr": "2025030417422631", "action_flag": 3, "change_message": ""}}, {"model": "admin.logentry", "pk": 325, "fields": {"action_time": "2025-03-07T15:14:02.691Z", "user": 1, "content_type": 16, "object_id": "30", "object_repr": "2025030417400930", "action_flag": 3, "change_message": ""}}, {"model": "admin.logentry", "pk": 326, "fields": {"action_time": "2025-03-07T15:14:02.691Z", "user": 1, "content_type": 16, "object_id": "29", "object_repr": "2025030412513129", "action_flag": 3, "change_message": ""}}, {"model": "admin.logentry", "pk": 327, "fields": {"action_time": "2025-03-07T15:14:02.691Z", "user": 1, "content_type": 16, "object_id": "28", "object_repr": "2025030412414528", "action_flag": 3, "change_message": ""}}, {"model": "admin.logentry", "pk": 328, "fields": {"action_time": "2025-03-07T15:14:02.691Z", "user": 1, "content_type": 16, "object_id": "27", "object_repr": "2025030412242527", "action_flag": 3, "change_message": ""}}, {"model": "admin.logentry", "pk": 329, "fields": {"action_time": "2025-03-07T15:14:02.691Z", "user": 1, "content_type": 16, "object_id": "26", "object_repr": "2025030412232226", "action_flag": 3, "change_message": ""}}, {"model": "admin.logentry", "pk": 330, "fields": {"action_time": "2025-03-07T15:14:02.691Z", "user": 1, "content_type": 16, "object_id": "25", "object_repr": "2025030412213325", "action_flag": 3, "change_message": ""}}, {"model": "admin.logentry", "pk": 331, "fields": {"action_time": "2025-03-07T15:14:02.691Z", "user": 1, "content_type": 16, "object_id": "23", "object_repr": "2025030411512523", "action_flag": 3, "change_message": ""}}, {"model": "admin.logentry", "pk": 332, "fields": {"action_time": "2025-03-07T15:14:02.692Z", "user": 1, "content_type": 16, "object_id": "16", "object_repr": "2025030411003016", "action_flag": 3, "change_message": ""}}, {"model": "admin.logentry", "pk": 333, "fields": {"action_time": "2025-03-07T15:14:02.692Z", "user": 1, "content_type": 16, "object_id": "15", "object_repr": "2025030410551315", "action_flag": 3, "change_message": ""}}, {"model": "admin.logentry", "pk": 334, "fields": {"action_time": "2025-03-07T15:14:02.692Z", "user": 1, "content_type": 16, "object_id": "14", "object_repr": "2025030410463914", "action_flag": 3, "change_message": ""}}, {"model": "admin.logentry", "pk": 335, "fields": {"action_time": "2025-03-07T15:14:02.692Z", "user": 1, "content_type": 16, "object_id": "13", "object_repr": "2025030410172413", "action_flag": 3, "change_message": ""}}, {"model": "admin.logentry", "pk": 336, "fields": {"action_time": "2025-03-07T15:14:27.482Z", "user": 1, "content_type": 16, "object_id": "11", "object_repr": "2025030408545911", "action_flag": 3, "change_message": ""}}, {"model": "admin.logentry", "pk": 337, "fields": {"action_time": "2025-03-07T15:14:27.482Z", "user": 1, "content_type": 16, "object_id": "10", "object_repr": "2025030408202910", "action_flag": 3, "change_message": ""}}, {"model": "admin.logentry", "pk": 338, "fields": {"action_time": "2025-03-07T15:14:27.482Z", "user": 1, "content_type": 16, "object_id": "8", "object_repr": "202503040002328", "action_flag": 3, "change_message": ""}}, {"model": "admin.logentry", "pk": 339, "fields": {"action_time": "2025-03-07T15:15:54.751Z", "user": 1, "content_type": 16, "object_id": "169", "object_repr": "2025030715152345", "action_flag": 1, "change_message": "[{\"added\": {}}]"}}, {"model": "admin.logentry", "pk": 340, "fields": {"action_time": "2025-03-07T15:17:18.549Z", "user": 1, "content_type": 16, "object_id": "169", "object_repr": "2025030715152345", "action_flag": 2, "change_message": "[{\"changed\": {\"fields\": [\"Is ordered\"]}}]"}}, {"model": "admin.logentry", "pk": 341, "fields": {"action_time": "2025-03-07T15:19:15.391Z", "user": 1, "content_type": 16, "object_id": "170", "object_repr": "2025070316178987", "action_flag": 1, "change_message": "[{\"added\": {}}]"}}, {"model": "admin.logentry", "pk": 342, "fields": {"action_time": "2025-03-07T15:20:56.766Z", "user": 1, "content_type": 16, "object_id": "171", "object_repr": "202507354763731", "action_flag": 1, "change_message": "[{\"added\": {}}]"}}, {"model": "admin.logentry", "pk": 343, "fields": {"action_time": "2025-03-08T21:06:54.201Z", "user": 1, "content_type": 8, "object_id": "10", "object_repr": "Moshteju", "action_flag": 2, "change_message": "[{\"changed\": {\"fields\": [\"Is approved\"]}}]"}}, {"model": "admin.logentry", "pk": 344, "fields": {"action_time": "2025-03-09T17:04:06.217Z", "user": 1, "content_type": 6, "object_id": "34", "object_repr": "mart9ja.9ja@gmail.com", "action_flag": 3, "change_message": ""}}, {"model": "admin.logentry", "pk": 345, "fields": {"action_time": "2025-03-09T17:06:44.718Z", "user": 1, "content_type": 6, "object_id": "35", "object_repr": "mart9ja.9ja@gmail.com", "action_flag": 3, "change_message": ""}}, {"model": "admin.logentry", "pk": 346, "fields": {"action_time": "2025-03-09T18:08:08.302Z", "user": 1, "content_type": 8, "object_id": "13", "object_repr": "Mart9ja", "action_flag": 2, "change_message": "[{\"changed\": {\"fields\": [\"Is approved\"]}}]"}}, {"model": "admin.logentry", "pk": 347, "fields": {"action_time": "2025-03-09T23:05:07.019Z", "user": 1, "content_type": 6, "object_id": "36", "object_repr": "mart9ja.9ja@gmail.com", "action_flag": 3, "change_message": ""}}, {"model": "admin.logentry", "pk": 348, "fields": {"action_time": "2025-03-09T23:07:09.613Z", "user": 1, "content_type": 6, "object_id": "38", "object_repr": "mart9ja.9ja@gmail.com", "action_flag": 3, "change_message": ""}}, {"model": "admin.logentry", "pk": 349, "fields": {"action_time": "2025-03-09T23:09:23.855Z", "user": 1, "content_type": 8, "object_id": "15", "object_repr": "Mart9ja", "action_flag": 2, "change_message": "[{\"changed\": {\"fields\": [\"Is approved\"]}}]"}}, {"model": "auth.permission", "pk": 1, "fields": {"name": "Can add log entry", "content_type": 1, "codename": "add_logentry"}}, {"model": "auth.permission", "pk": 2, "fields": {"name": "Can change log entry", "content_type": 1, "codename": "change_logentry"}}, {"model": "auth.permission", "pk": 3, "fields": {"name": "Can delete log entry", "content_type": 1, "codename": "delete_logentry"}}, {"model": "auth.permission", "pk": 4, "fields": {"name": "Can view log entry", "content_type": 1, "codename": "view_logentry"}}, {"model": "auth.permission", "pk": 5, "fields": {"name": "Can add permission", "content_type": 2, "codename": "add_permission"}}, {"model": "auth.permission", "pk": 6, "fields": {"name": "Can change permission", "content_type": 2, "codename": "change_permission"}}, {"model": "auth.permission", "pk": 7, "fields": {"name": "Can delete permission", "content_type": 2, "codename": "delete_permission"}}, {"model": "auth.permission", "pk": 8, "fields": {"name": "Can view permission", "content_type": 2, "codename": "view_permission"}}, {"model": "auth.permission", "pk": 9, "fields": {"name": "Can add group", "content_type": 3, "codename": "add_group"}}, {"model": "auth.permission", "pk": 10, "fields": {"name": "Can change group", "content_type": 3, "codename": "change_group"}}, {"model": "auth.permission", "pk": 11, "fields": {"name": "Can delete group", "content_type": 3, "codename": "delete_group"}}, {"model": "auth.permission", "pk": 12, "fields": {"name": "Can view group", "content_type": 3, "codename": "view_group"}}, {"model": "auth.permission", "pk": 13, "fields": {"name": "Can add content type", "content_type": 4, "codename": "add_contenttype"}}, {"model": "auth.permission", "pk": 14, "fields": {"name": "Can change content type", "content_type": 4, "codename": "change_contenttype"}}, {"model": "auth.permission", "pk": 15, "fields": {"name": "Can delete content type", "content_type": 4, "codename": "delete_contenttype"}}, {"model": "auth.permission", "pk": 16, "fields": {"name": "Can view content type", "content_type": 4, "codename": "view_contenttype"}}, {"model": "auth.permission", "pk": 17, "fields": {"name": "Can add session", "content_type": 5, "codename": "add_session"}}, {"model": "auth.permission", "pk": 18, "fields": {"name": "Can change session", "content_type": 5, "codename": "change_session"}}, {"model": "auth.permission", "pk": 19, "fields": {"name": "Can delete session", "content_type": 5, "codename": "delete_session"}}, {"model": "auth.permission", "pk": 20, "fields": {"name": "Can view session", "content_type": 5, "codename": "view_session"}}, {"model": "auth.permission", "pk": 21, "fields": {"name": "Can add user", "content_type": 6, "codename": "add_user"}}, {"model": "auth.permission", "pk": 22, "fields": {"name": "Can change user", "content_type": 6, "codename": "change_user"}}, {"model": "auth.permission", "pk": 23, "fields": {"name": "Can delete user", "content_type": 6, "codename": "delete_user"}}, {"model": "auth.permission", "pk": 24, "fields": {"name": "Can view user", "content_type": 6, "codename": "view_user"}}, {"model": "auth.permission", "pk": 25, "fields": {"name": "Can add user profile", "content_type": 7, "codename": "add_userprofile"}}, {"model": "auth.permission", "pk": 26, "fields": {"name": "Can change user profile", "content_type": 7, "codename": "change_userprofile"}}, {"model": "auth.permission", "pk": 27, "fields": {"name": "Can delete user profile", "content_type": 7, "codename": "delete_userprofile"}}, {"model": "auth.permission", "pk": 28, "fields": {"name": "Can view user profile", "content_type": 7, "codename": "view_userprofile"}}, {"model": "auth.permission", "pk": 29, "fields": {"name": "Can add vendor", "content_type": 8, "codename": "add_vendor"}}, {"model": "auth.permission", "pk": 30, "fields": {"name": "Can change vendor", "content_type": 8, "codename": "change_vendor"}}, {"model": "auth.permission", "pk": 31, "fields": {"name": "Can delete vendor", "content_type": 8, "codename": "delete_vendor"}}, {"model": "auth.permission", "pk": 32, "fields": {"name": "Can view vendor", "content_type": 8, "codename": "view_vendor"}}, {"model": "auth.permission", "pk": 33, "fields": {"name": "Can add product item", "content_type": 9, "codename": "add_productitem"}}, {"model": "auth.permission", "pk": 34, "fields": {"name": "Can change product item", "content_type": 9, "codename": "change_productitem"}}, {"model": "auth.permission", "pk": 35, "fields": {"name": "Can delete product item", "content_type": 9, "codename": "delete_productitem"}}, {"model": "auth.permission", "pk": 36, "fields": {"name": "Can view product item", "content_type": 9, "codename": "view_productitem"}}, {"model": "auth.permission", "pk": 37, "fields": {"name": "Can add category", "content_type": 10, "codename": "add_category"}}, {"model": "auth.permission", "pk": 38, "fields": {"name": "Can change category", "content_type": 10, "codename": "change_category"}}, {"model": "auth.permission", "pk": 39, "fields": {"name": "Can delete category", "content_type": 10, "codename": "delete_category"}}, {"model": "auth.permission", "pk": 40, "fields": {"name": "Can view category", "content_type": 10, "codename": "view_category"}}, {"model": "auth.permission", "pk": 41, "fields": {"name": "Can add cart", "content_type": 11, "codename": "add_cart"}}, {"model": "auth.permission", "pk": 42, "fields": {"name": "Can change cart", "content_type": 11, "codename": "change_cart"}}, {"model": "auth.permission", "pk": 43, "fields": {"name": "Can delete cart", "content_type": 11, "codename": "delete_cart"}}, {"model": "auth.permission", "pk": 44, "fields": {"name": "Can view cart", "content_type": 11, "codename": "view_cart"}}, {"model": "auth.permission", "pk": 45, "fields": {"name": "Can add opening hour", "content_type": 12, "codename": "add_openinghour"}}, {"model": "auth.permission", "pk": 46, "fields": {"name": "Can change opening hour", "content_type": 12, "codename": "change_openinghour"}}, {"model": "auth.permission", "pk": 47, "fields": {"name": "Can delete opening hour", "content_type": 12, "codename": "delete_openinghour"}}, {"model": "auth.permission", "pk": 48, "fields": {"name": "Can view opening hour", "content_type": 12, "codename": "view_openinghour"}}, {"model": "auth.permission", "pk": 49, "fields": {"name": "Can add tax", "content_type": 13, "codename": "add_tax"}}, {"model": "auth.permission", "pk": 50, "fields": {"name": "Can change tax", "content_type": 13, "codename": "change_tax"}}, {"model": "auth.permission", "pk": 51, "fields": {"name": "Can delete tax", "content_type": 13, "codename": "delete_tax"}}, {"model": "auth.permission", "pk": 52, "fields": {"name": "Can view tax", "content_type": 13, "codename": "view_tax"}}, {"model": "auth.permission", "pk": 53, "fields": {"name": "Can add ordered product", "content_type": 14, "codename": "add_orderedproduct"}}, {"model": "auth.permission", "pk": 54, "fields": {"name": "Can change ordered product", "content_type": 14, "codename": "change_orderedproduct"}}, {"model": "auth.permission", "pk": 55, "fields": {"name": "Can delete ordered product", "content_type": 14, "codename": "delete_orderedproduct"}}, {"model": "auth.permission", "pk": 56, "fields": {"name": "Can view ordered product", "content_type": 14, "codename": "view_orderedproduct"}}, {"model": "auth.permission", "pk": 57, "fields": {"name": "Can add payment", "content_type": 15, "codename": "add_payment"}}, {"model": "auth.permission", "pk": 58, "fields": {"name": "Can change payment", "content_type": 15, "codename": "change_payment"}}, {"model": "auth.permission", "pk": 59, "fields": {"name": "Can delete payment", "content_type": 15, "codename": "delete_payment"}}, {"model": "auth.permission", "pk": 60, "fields": {"name": "Can view payment", "content_type": 15, "codename": "view_payment"}}, {"model": "auth.permission", "pk": 61, "fields": {"name": "Can add order", "content_type": 16, "codename": "add_order"}}, {"model": "auth.permission", "pk": 62, "fields": {"name": "Can change order", "content_type": 16, "codename": "change_order"}}, {"model": "auth.permission", "pk": 63, "fields": {"name": "Can delete order", "content_type": 16, "codename": "delete_order"}}, {"model": "auth.permission", "pk": 64, "fields": {"name": "Can view order", "content_type": 16, "codename": "view_order"}}, {"model": "contenttypes.contenttype", "pk": 1, "fields": {"app_label": "admin", "model": "logentry"}}, {"model": "contenttypes.contenttype", "pk": 2, "fields": {"app_label": "auth", "model": "permission"}}, {"model": "contenttypes.contenttype", "pk": 3, "fields": {"app_label": "auth", "model": "group"}}, {"model": "contenttypes.contenttype", "pk": 4, "fields": {"app_label": "contenttypes", "model": "contenttype"}}, {"model": "contenttypes.contenttype", "pk": 5, "fields": {"app_label": "sessions", "model": "session"}}, {"model": "contenttypes.contenttype", "pk": 6, "fields": {"app_label": "accounts", "model": "user"}}, {"model": "contenttypes.contenttype", "pk": 7, "fields": {"app_label": "accounts", "model": "userprofile"}}, {"model": "contenttypes.contenttype", "pk": 8, "fields": {"app_label": "vendor", "model": "vendor"}}, {"model": "contenttypes.contenttype", "pk": 9, "fields": {"app_label": "store", "model": "productitem"}}, {"model": "contenttypes.contenttype", "pk": 10, "fields": {"app_label": "store", "model": "category"}}, {"model": "contenttypes.contenttype", "pk": 11, "fields": {"app_label": "marketplace", "model": "cart"}}, {"model": "contenttypes.contenttype", "pk": 12, "fields": {"app_label": "vendor", "model": "openinghour"}}, {"model": "contenttypes.contenttype", "pk": 13, "fields": {"app_label": "marketplace", "model": "tax"}}, {"model": "contenttypes.contenttype", "pk": 14, "fields": {"app_label": "orders", "model": "orderedproduct"}}, {"model": "contenttypes.contenttype", "pk": 15, "fields": {"app_label": "orders", "model": "payment"}}, {"model": "contenttypes.contenttype", "pk": 16, "fields": {"app_label": "orders", "model": "order"}}, {"model": "sessions.session", "pk": "3k84bl51la1v42diiusx1de46r6femno", "fields": {"session_data": ".eJxVjEEOwiAQRe_C2hAodACX7j0DGZhBqoYmpV0Z765NutDtf-_9l4i4rTVunZc4kTgLLU6_W8L84LYDumO7zTLPbV2mJHdFHrTL60z8vBzu30HFXr81QCpQssUhOeXBA49IrNgMFPJoAhuw7LUiC85qiwUwheSMdx4CE4n3B-j7N_E:1tniTZ:npkClJnDGovKZiMkVMVX4wLVUfSmTVB8ikxxBJK3Kv4", "expire_date": "2025-03-13T18:19:13.709Z"}}, {"model": "sessions.session", "pk": "463ueeygwnfc056e081tv7cinwf0ep9k", "fields": {"session_data": "eyJsYXQiOiI0MC43NDAyIiwibG5nIjoiLTczLjk5NzcifQ:1tnnxp:Ixuh8-jAT0tcbmZdKudVV-4WOLSA54OcjTt5FcWP6bs", "expire_date": "2025-03-14T00:10:49.459Z"}}, {"model": "sessions.session", "pk": "7zzdmcwsw0mwoy4xgpacvfc6t7z577qj", "fields": {"session_data": ".eJxVjDsOwjAQBe_iGlkbfzElfc5grb1rHECOFCcV4u4QKQW0b2beS0Tc1hq3zkucSFxEEKffLWF-cNsB3bHdZpnnti5TkrsiD9rlOBM_r4f7d1Cx12_NyRSCpL0CrcA7C3xm7RyQR2910UguDAUwMGaVlfPGZ0uYjbUl6EG8P9wEN6I:1tpVQj:2wXVFOtQd-7MufNEyaL10FZxZIcORUYrd6xV_-HPIQY", "expire_date": "2025-03-18T16:47:41.226Z"}}, {"model": "sessions.session", "pk": "a673spwws1pk5h45fkudh039w8i7k2ec", "fields": {"session_data": ".eJxVjEEOwiAQRe_C2hAodACX7j0DGZhBqoYmpV0Z765NutDtf-_9l4i4rTVunZc4kTgLLU6_W8L84LYDumO7zTLPbV2mJHdFHrTL60z8vBzu30HFXr81QCpQssUhOeXBA49IrNgMFPJoAhuw7LUiC85qiwUwheSMdx4CE4n3B-j7N_E:1tmWyb:l2L-_XBdK4yiPrlAPYQ_Obon5C3oF7xrhEbH3SPCpgE", "expire_date": "2025-03-10T11:50:21.715Z"}}, {"model": "sessions.session", "pk": "eyt7rgxo9vy7xqwjyc5tnywnxz5mh6sa", "fields": {"session_data": ".eJxVjEEOwiAQRe_C2hAodACX7j0DGZhBqoYmpV0Z765NutDtf-_9l4i4rTVunZc4kTgLLU6_W8L84LYDumO7zTLPbV2mJHdFHrTL60z8vBzu30HFXr81QCpQssUhOeXBA49IrNgMFPJoAhuw7LUiC85qiwUwheSMdx4CE4n3B-j7N_E:1tpiN0:SKMTAERM2aRRjVjOUOLNJNURS6oz-85al4vVkh37VCI", "expire_date": "2025-03-19T06:36:42.878Z"}}, {"model": "sessions.session", "pk": "k4bbp5p59tl4yvp6rlebaav79of5clq6", "fields": {"session_data": ".eJxVjDsOwjAQBe_iGlkbfzElfc5grb1rHECOFCcV4u4QKQW0b2beS0Tc1hq3zkucSFxEEKffLWF-cNsB3bHdZpnnti5TkrsiD9rlOBM_r4f7d1Cx12_NyRSCpL0CrcA7C3xm7RyQR2910UguDAUwMGaVlfPGZ0uYjbUl6EG8P9wEN6I:1tqIwf:bfXWktgqLGJq4DR5YjW878kozT2za_AN8lU9b_kq4v4", "expire_date": "2025-03-20T21:39:57.693Z"}}, {"model": "sessions.session", "pk": "k7om8cfkjyj9zdv87s197fde4p4j4dib", "fields": {"session_data": ".eJxVjEEOwiAQRe_C2hAodACX7j0DGZhBqoYmpV0Z765NutDtf-_9l4i4rTVunZc4kTgLLU6_W8L84LYDumO7zTLPbV2mJHdFHrTL60z8vBzu30HFXr81QCpQssUhOeXBA49IrNgMFPJoAhuw7LUiC85qiwUwheSMdx4CE4n3B-j7N_E:1tmMER:w0vT6Pig7DVomO01jIcnXlTP7SFVf7uR82yMNqoUx6Q", "expire_date": "2025-03-10T00:21:59.908Z"}}, {"model": "sessions.session", "pk": "n7o1ld7ps7tt23s1hhpvsjuyxowl4z0m", "fields": {"session_data": ".eJxVjEEOwiAQRe_C2hAodACX7j0DGZhBqoYmpV0Z765NutDtf-_9l4i4rTVunZc4kTgLLU6_W8L84LYDumO7zTLPbV2mJHdFHrTL60z8vBzu30HFXr81QCpQssUhOeXBA49IrNgMFPJoAhuw7LUiC85qiwUwheSMdx4CE4n3B-j7N_E:1tlbkU:gLejsXPlQ6Ehi-gDVuI_4s8VIWDd0-Qf_lngqPvVzt4", "expire_date": "2025-03-07T22:43:58.944Z"}}, {"model": "sessions.session", "pk": "zk47s0fqkmeb8nn5bte29unjpg2bcyjt", "fields": {"session_data": ".eJxVjEEOwiAQRe_C2hAodACX7j0DGZhBqoYmpV0Z765NutDtf-_9l4i4rTVunZc4kTgLLU6_W8L84LYDumO7zTLPbV2mJHdFHrTL60z8vBzu30HFXr81QCpQssUhOeXBA49IrNgMFPJoAhuw7LUiC85qiwUwheSMdx4CE4n3B-j7N_E:1tm7gi:zOfJFPkscw8lkTpfH0e7fVpCpZd46xVVFWoGBSigb4I", "expire_date": "2025-03-09T08:50:12.082Z"}}, {"model": "accounts.user", "pk": 1, "fields": {"password": "pbkdf2_sha256$870000$gDahCEuMeD7NwP0fRG7fW6$MnGNwaFrueZhxrN/MvYjX5V51bpLq2MwkqFWiu4b3CE=", "first_name": "gaas", "last_name": "admin", "username": "gaasadmin", "email": "info.gaasholdings@gmail.com", "phone_number": "76879876678", "role": null, "date_joined": "2025-02-21T22:42:14.131Z", "last_login": "2025-03-05T06:36:42.803Z", "created_date": "2025-02-21T22:42:14.131Z", "modified_date": "2025-02-21T23:43:07.779Z", "is_admin": true, "is_staff": true, "is_active": true, "is_superadmin": true}}, {"model": "accounts.user", "pk": 9, "fields": {"password": "pbkdf2_sha256$870000$AnTfAmEKOQYsJdeM2KF7NI$npdXc+NFOMVQNp5HIMvBFyOAql38JBGSuiKlIXSsgxE=", "first_name": "baby", "last_name": "baby", "username": "babybaby", "email": "babybaby@aol.com", "phone_number": "9876556787", "role": 2, "date_joined": "2025-02-22T09:00:39.835Z", "last_login": "2025-03-09T06:48:01.531Z", "created_date": "2025-02-22T09:00:39.835Z", "modified_date": "2025-02-23T10:12:13.447Z", "is_admin": false, "is_staff": false, "is_active": true, "is_superadmin": false}}, {"model": "accounts.user", "pk": 15, "fields": {"password": "pbkdf2_sha256$870000$jeQnylCeWunBuELd7UsBVb$/6wa7VhTLVTR87yEWeNDu5yL7/6feGFl82S8nTlIbg4=", "first_name": "gillo", "last_name": "gillo", "username": "gillo", "email": "gillo@aol.com", "phone_number": "", "role": 1, "date_joined": "2025-02-23T08:48:06.563Z", "last_login": "2025-02-27T09:09:55.664Z", "created_date": "2025-02-23T08:48:06.563Z", "modified_date": "2025-02-23T10:12:19.484Z", "is_admin": false, "is_staff": false, "is_active": true, "is_superadmin": false}}, {"model": "accounts.user", "pk": 23, "fields": {"password": "pbkdf2_sha256$870000$7tSUDIousE053fXsiL42vF$EDixnO9fxYbD++sQgTXSIQXnaf1R92dX2N3V/vEhmjA=", "first_name": "Barakat Shittu", "last_name": "Adeola", "username": "sioaconsult", "email": "trippleba@gmail.com", "phone_number": "08100063061", "role": 2, "date_joined": "2025-02-23T13:29:21.404Z", "last_login": "2025-03-04T10:42:04.447Z", "created_date": "2025-02-23T13:29:21.404Z", "modified_date": "2025-03-01T23:33:23.429Z", "is_admin": false, "is_staff": false, "is_active": true, "is_superadmin": false}}, {"model": "accounts.user", "pk": 25, "fields": {"password": "pbkdf2_sha256$870000$7j937U7RayXiMsJUj9yAtt$6//bT7EAccK/iahrgKqDBIkX1WvCLjtRI0Ssl9ntb2w=", "first_name": "Barakat", "last_name": "Adeola", "username": "Barakat", "email": "orcuttsue549@gmail.com", "phone_number": "", "role": 1, "date_joined": "2025-02-23T14:36:27.554Z", "last_login": "2025-03-07T23:15:43.810Z", "created_date": "2025-02-23T14:36:27.554Z", "modified_date": "2025-02-23T15:46:35.987Z", "is_admin": false, "is_staff": false, "is_active": true, "is_superadmin": false}}, {"model": "accounts.user", "pk": 26, "fields": {"password": "pbkdf2_sha256$870000$YluJPYOyqwtQHaSMbrOD9J$5lGdC8GaLLr4mniZv92xAoqdhMz3u5YEclgPFkKfvu4=", "first_name": "Barakat", "last_name": "Adeola", "username": "BaraqaShittu", "email": "barakatshittu22@gmail.com", "phone_number": "", "role": 1, "date_joined": "2025-02-23T17:43:56.195Z", "last_login": "2025-03-08T00:13:36.679Z", "created_date": "2025-02-23T17:43:56.195Z", "modified_date": "2025-02-23T18:06:28.744Z", "is_admin": false, "is_staff": false, "is_active": true, "is_superadmin": false}}, {"model": "accounts.user", "pk": 27, "fields": {"password": "pbkdf2_sha256$870000$ss1QksUi5d9y97F8L3pgB0$ceTBHyMgs+QdYQRyITJqoRAll5E5NUKiwD+Xj1GbOBE=", "first_name": "alhaja", "last_name": "zainab", "username": "mamazee", "email": "smallalhajazainab@gmail.com", "phone_number": "", "role": 1, "date_joined": "2025-02-25T10:36:22.732Z", "last_login": "2025-02-27T09:14:42.781Z", "created_date": "2025-02-25T10:36:22.732Z", "modified_date": "2025-02-25T10:37:45.128Z", "is_admin": false, "is_staff": false, "is_active": true, "is_superadmin": false}}, {"model": "accounts.user", "pk": 28, "fields": {"password": "pbkdf2_sha256$870000$pyvx6UwcXDQKsvM9MGHnYU$Ko6fy3G89iS2XiddFilip2eijvSC+ef8j18Q7WLUYTQ=", "first_name": "bazeet", "last_name": "ayomide", "username": "ayomidebazeet", "email": "abdulsalamabdulbazeet@gmail.com", "phone_number": "", "role": 1, "date_joined": "2025-02-25T10:52:42.637Z", "last_login": "2025-03-01T01:14:23.884Z", "created_date": "2025-02-25T10:52:42.637Z", "modified_date": "2025-02-25T10:53:46.122Z", "is_admin": false, "is_staff": false, "is_active": true, "is_superadmin": false}}, {"model": "accounts.user", "pk": 29, "fields": {"password": "pbkdf2_sha256$870000$ubF2InVu4zBEGalbNa26SO$iUA7fVXgcHQTVSdNlOT8+Y0GiQkH0UMg//GZeqXqF/U=", "first_name": "abdulsalam", "last_name": "abdulsalam", "username": "abdulsalam", "email": "apextrio01@gmail.com", "phone_number": "", "role": 1, "date_joined": "2025-02-25T11:16:10.974Z", "last_login": "2025-03-01T13:02:48.572Z", "created_date": "2025-02-25T11:16:10.974Z", "modified_date": "2025-02-25T11:21:23.443Z", "is_admin": false, "is_staff": false, "is_active": true, "is_superadmin": false}}, {"model": "accounts.user", "pk": 30, "fields": {"password": "pbkdf2_sha256$870000$OHuLpbXN1rhDW50Ze53k5y$58OI+2BQhZLSIncbfjVHPqVLhaC9vz49ITym+Rk6IJ4=", "first_name": "third", "last_name": "restaurant", "username": "third restaurant", "email": "third.restaurant@gmail.com", "phone_number": "", "role": 1, "date_joined": "2025-02-26T09:56:15.869Z", "last_login": "2025-02-26T09:56:15.869Z", "created_date": "2025-02-26T09:56:15.869Z", "modified_date": "2025-03-01T13:29:02.370Z", "is_admin": false, "is_staff": false, "is_active": true, "is_superadmin": false}}, {"model": "accounts.user", "pk": 31, "fields": {"password": "pbkdf2_sha256$870000$yKD6UZtoGkY35AYm1BmEss$Pfxb+PCzd3UU/99yHWxxvZY78vzZhsRfeT7XPqVMCyE=", "first_name": "Mosebolatan", "last_name": "Ganiyu", "username": "Moshtej", "email": "sioa.consult@gmail.com", "phone_number": "", "role": 1, "date_joined": "2025-03-05T06:38:16.828Z", "last_login": "2025-03-05T06:40:21.280Z", "created_date": "2025-03-05T06:38:16.828Z", "modified_date": "2025-03-05T06:39:11.120Z", "is_admin": false, "is_staff": false, "is_active": true, "is_superadmin": false}}, {"model": "accounts.user", "pk": 32, "fields": {"password": "pbkdf2_sha256$870000$JjMEGwjDttxZtGdBr2rVn6$3QXLlMBzEp6htrB/q05/qZxx+uMZH7rKNZuE6HgqfnE=", "first_name": "Salami", "last_name": "Ibrahim", "username": "Salami", "email": "gaasholdings@gmail.com", "phone_number": "", "role": 2, "date_joined": "2025-03-07T21:51:06.712Z", "last_login": "2025-03-07T21:51:06.712Z", "created_date": "2025-03-07T21:51:06.712Z", "modified_date": "2025-03-07T21:53:06.659Z", "is_admin": false, "is_staff": false, "is_active": true, "is_superadmin": false}}, {"model": "accounts.user", "pk": 33, "fields": {"password": "pbkdf2_sha256$870000$d8GPXg7GnENAFwTEmEQlCn$1gU1Z46pJ8u90ywE9xCKaAGW69hhZof270LG4cUU0Pw=", "first_name": "Soetan", "last_name": "Abimbola", "username": "Moshteju", "email": "mail_ganny@yahoo.com", "phone_number": "", "role": 1, "date_joined": "2025-03-08T21:03:20.383Z", "last_login": "2025-03-08T21:03:20.383Z", "created_date": "2025-03-08T21:03:20.383Z", "modified_date": "2025-03-08T21:06:10.222Z", "is_admin": false, "is_staff": false, "is_active": true, "is_superadmin": false}}, {"model": "accounts.user", "pk": 37, "fields": {"password": "pbkdf2_sha256$870000$ibnZ2HcLIfKRmFXtaHYv5B$hWajjSXeXJWmdYqH47xulP6WD6bJe40JKRPwJT62/PA=", "first_name": "HizeeTech", "last_name": "Ibro", "username": "hizeetech", "email": "hizeetech@gmail.com", "phone_number": "", "role": 2, "date_joined": "2025-03-09T18:25:07.173Z", "last_login": "2025-03-09T18:27:09.385Z", "created_date": "2025-03-09T18:25:07.173Z", "modified_date": "2025-03-09T18:25:38.739Z", "is_admin": false, "is_staff": false, "is_active": true, "is_superadmin": false}}, {"model": "accounts.user", "pk": 39, "fields": {"password": "pbkdf2_sha256$870000$NiPLFXSZBY9XhHGdRUgsZd$hGrr7Dy9/K+rdih/fTKwT55U7qCCr+C6IVPAoOnkCh0=", "first_name": "Mart", "last_name": "Naija", "username": "Mart9ja", "email": "mart9ja.9ja@gmail.com", "phone_number": "", "role": 1, "date_joined": "2025-03-09T23:07:34.585Z", "last_login": "2025-03-09T23:07:34.585Z", "created_date": "2025-03-09T23:07:34.585Z", "modified_date": "2025-03-09T23:08:55.524Z", "is_admin": false, "is_staff": false, "is_active": true, "is_superadmin": false}}, {"model": "accounts.userprofile", "pk": 3, "fields": {"user": 1, "profile_picture": "", "cover_photo": "", "address": null, "country": null, "state": null, "city": null, "zip_code": null, "latitude": null, "longitude": null, "location": null, "created_at": "2025-02-21T23:43:07.784Z", "modified_at": "2025-03-05T06:36:42.875Z"}}, {"model": "accounts.userprofile", "pk": 9, "fields": {"user": 9, "profile_picture": "", "cover_photo": "", "address": null, "country": null, "state": null, "city": null, "zip_code": null, "latitude": null, "longitude": null, "location": null, "created_at": "2025-02-22T09:00:39.839Z", "modified_at": "2025-03-09T06:48:01.606Z"}}, {"model": "accounts.userprofile", "pk": 15, "fields": {"user": 15, "profile_picture": "users/profile_pictures/gillo.jpg", "cover_photo": "users/cover_photos/cover4_XEh1QmI.jpg", "address": "Somolu General Hospital, Oguntolu Street, Lagos, Nigeria", "country": "Nigeria", "state": "Lagos", "city": "Lagos", "zip_code": "102216", "latitude": "6.5367407", "longitude": "3.3714549", "location": null, "created_at": "2025-02-23T08:48:06.576Z", "modified_at": "2025-02-27T09:10:59.858Z"}}, {"model": "accounts.userprofile", "pk": 23, "fields": {"user": 23, "profile_picture": "users/profile_pictures/adeola_W7q8wJq.png", "cover_photo": "users/cover_photos/cover2_mA0vCuE.jpg", "address": "Abeokuta Sports Club, Ibara Housing Estate Road, Abeokuta, Nigeria", "country": "Nigeria", "state": "Ogun State", "city": "Abeokuta", "zip_code": "111102", "latitude": "7.1323465", "longitude": "3.3392065", "location": null, "created_at": "2025-02-23T13:29:21.407Z", "modified_at": "2025-03-04T10:42:04.527Z"}}, {"model": "accounts.userprofile", "pk": 25, "fields": {"user": 25, "profile_picture": "users/profile_pictures/abimbola.jpg", "cover_photo": "users/cover_photos/cover5.jpg", "address": "Agege Train Station (Babatunde Fashola Station), Olugbosho Street, Lagos, Nigeria", "country": "Nigeria", "state": "Lagos", "city": "Lagos", "zip_code": "102212", "latitude": "6.6209875", "longitude": "3.3258906", "location": null, "created_at": "2025-02-23T14:36:27.560Z", "modified_at": "2025-03-07T23:15:43.867Z"}}, {"model": "accounts.userprofile", "pk": 26, "fields": {"user": 26, "profile_picture": "users/profile_pictures/bkay_new_gb0o4Il.png", "cover_photo": "users/cover_photos/cover3.jpg", "address": "Ibadan - Iwo Road, Iwo, Nigeria", "country": "Nigeria", "state": "Osun", "city": "Iwo", "zip_code": null, "latitude": "7.6607683", "longitude": "4.2023421", "location": "SRID=4326;POINT (-0.0014713802374899 0.0161688586413444)", "created_at": "2025-02-23T17:43:56.200Z", "modified_at": "2025-03-08T00:13:36.741Z"}}, {"model": "accounts.userprofile", "pk": 27, "fields": {"user": 27, "profile_picture": "users/profile_pictures/adeola_80Ye4AU.png", "cover_photo": "users/cover_photos/cover2.jpg", "address": "Madandola unity estate, Abeokuta, Nigeria", "country": "Nigeria", "state": "Ogun State", "city": "Abeokuta", "zip_code": "110104", "latitude": "7.1887981", "longitude": "3.4080228", "location": null, "created_at": "2025-02-25T10:36:22.744Z", "modified_at": "2025-02-27T12:47:18.271Z"}}, {"model": "accounts.userprofile", "pk": 28, "fields": {"user": 28, "profile_picture": "users/profile_pictures/CCTV.jpg", "cover_photo": "users/cover_photos/cover4_O2MSLA5.png", "address": "Sango-Ota High School, Ntabo Rd, Ota, Nigeria", "country": "Nigeria", "state": "Ogun State", "city": "Ota", "zip_code": "112104", "latitude": "6.7459495", "longitude": "3.2549829", "location": null, "created_at": "2025-02-25T10:52:42.648Z", "modified_at": "2025-03-01T01:14:23.898Z"}}, {"model": "accounts.userprofile", "pk": 29, "fields": {"user": 29, "profile_picture": "users/profile_pictures/ibro.jpg", "cover_photo": "users/cover_photos/cover4.png", "address": "Abeokuta Sports Club, Ibara Housing Estate Road, Abeokuta, Nigeria", "country": "Nigeria", "state": "Ogun State", "city": "Abeokuta", "zip_code": "111102", "latitude": "7.1323465", "longitude": "3.3392065", "location": null, "created_at": "2025-02-25T11:16:10.988Z", "modified_at": "2025-03-01T13:02:48.649Z"}}, {"model": "accounts.userprofile", "pk": 30, "fields": {"user": 30, "profile_picture": "", "cover_photo": "", "address": null, "country": null, "state": null, "city": null, "zip_code": null, "latitude": null, "longitude": null, "location": null, "created_at": "2025-02-26T09:56:15.874Z", "modified_at": "2025-03-01T13:29:02.399Z"}}, {"model": "accounts.userprofile", "pk": 31, "fields": {"user": 31, "profile_picture": "users/profile_pictures/ANIMAL_LOGO_-_Made_with_PosterMyWall.png", "cover_photo": "users/cover_photos/backgrd1.jpg", "address": "Abeokuta Sports Club, Ibara Housing Estate Road, Abeokuta, Nigeria", "country": "Nigeria", "state": "Ogun State", "city": "Abeokuta", "zip_code": "111102", "latitude": "7.1323465", "longitude": "3.3392065", "location": null, "created_at": "2025-03-05T06:38:16.846Z", "modified_at": "2025-03-05T06:42:45.649Z"}}, {"model": "accounts.userprofile", "pk": 32, "fields": {"user": 32, "profile_picture": "", "cover_photo": "", "address": null, "country": null, "state": null, "city": null, "zip_code": null, "latitude": null, "longitude": null, "location": null, "created_at": "2025-03-07T21:51:06.721Z", "modified_at": "2025-03-07T21:53:06.672Z"}}, {"model": "accounts.userprofile", "pk": 33, "fields": {"user": 33, "profile_picture": "", "cover_photo": "", "address": null, "country": null, "state": null, "city": null, "zip_code": null, "latitude": null, "longitude": null, "location": null, "created_at": "2025-03-08T21:03:20.395Z", "modified_at": "2025-03-08T21:06:10.235Z"}}, {"model": "accounts.userprofile", "pk": 37, "fields": {"user": 37, "profile_picture": "", "cover_photo": "", "address": null, "country": null, "state": null, "city": null, "zip_code": null, "latitude": null, "longitude": null, "location": null, "created_at": "2025-03-09T18:25:07.179Z", "modified_at": "2025-03-09T18:27:09.400Z"}}, {"model": "accounts.userprofile", "pk": 39, "fields": {"user": 39, "profile_picture": "", "cover_photo": "", "address": null, "country": null, "state": null, "city": null, "zip_code": null, "latitude": null, "longitude": null, "location": null, "created_at": "2025-03-09T23:07:34.588Z", "modified_at": "2025-03-09T23:08:55.542Z"}}, {"model": "vendor.vendor", "pk": 1, "fields": {"user": 15, "user_profile": 15, "vendor_name": "gillo", "vendor_slug": "gillo", "vendor_license": "vendor/license/cert3.jpg", "is_approved": true, "created_at": "2025-02-23T08:48:06.652Z", "modified_at": "2025-02-27T09:10:59.861Z"}}, {"model": "vendor.vendor", "pk": 3, "fields": {"user": 25, "user_profile": 25, "vendor_name": "Barakat", "vendor_slug": "barakat", "vendor_license": "vendor/license/cert3_reFvgi9.jpg", "is_approved": true, "created_at": "2025-02-23T14:36:27.586Z", "modified_at": "2025-02-27T09:09:23.007Z"}}, {"model": "vendor.vendor", "pk": 4, "fields": {"user": 26, "user_profile": 26, "vendor_name": "BaraqaShittu", "vendor_slug": "baraqashittu", "vendor_license": "vendor/license/cert3_ncuwD0h.jpg", "is_approved": true, "created_at": "2025-02-23T17:43:56.247Z", "modified_at": "2025-02-27T09:08:17.116Z"}}, {"model": "vendor.vendor", "pk": 5, "fields": {"user": 27, "user_profile": 27, "vendor_name": "mamazee", "vendor_slug": "mamazee", "vendor_license": "vendor/license/cert3_PZxkv5W.jpg", "is_approved": true, "created_at": "2025-02-25T10:36:22.811Z", "modified_at": "2025-02-27T09:07:13.315Z"}}, {"model": "vendor.vendor", "pk": 6, "fields": {"user": 28, "user_profile": 28, "vendor_name": "ayomidebazeet", "vendor_slug": "ayomidebazeet", "vendor_license": "vendor/license/cert2_8ZgljZY.jpg", "is_approved": true, "created_at": "2025-02-25T10:52:42.668Z", "modified_at": "2025-02-27T09:06:01.805Z"}}, {"model": "vendor.vendor", "pk": 7, "fields": {"user": 29, "user_profile": 29, "vendor_name": "abdulsalam", "vendor_slug": "abdulsalam", "vendor_license": "vendor/license/cert2_rt8Vaq1.jpg", "is_approved": true, "created_at": "2025-02-25T11:16:11.011Z", "modified_at": "2025-02-27T09:04:44.655Z"}}, {"model": "vendor.vendor", "pk": 9, "fields": {"user": 31, "user_profile": 31, "vendor_name": "Moshtej", "vendor_slug": "moshtej-31", "vendor_license": "vendor/license/cert3_VEYkeDW.jpg", "is_approved": true, "created_at": "2025-03-05T06:38:16.916Z", "modified_at": "2025-03-05T06:42:45.653Z"}}, {"model": "vendor.vendor", "pk": 10, "fields": {"user": 33, "user_profile": 33, "vendor_name": "Moshteju", "vendor_slug": "moshteju-33", "vendor_license": "vendor/license/cert2_3tfxl5f.jpg", "is_approved": true, "created_at": "2025-03-08T21:03:20.525Z", "modified_at": "2025-03-08T21:06:54.183Z"}}, {"model": "vendor.vendor", "pk": 15, "fields": {"user": 39, "user_profile": 39, "vendor_name": "Mart9ja", "vendor_slug": "mart9ja-39", "vendor_license": "vendor/license/cert3_c7yvufY.jpg", "is_approved": true, "created_at": "2025-03-09T23:07:34.639Z", "modified_at": "2025-03-09T23:09:23.851Z"}}, {"model": "vendor.openinghour", "pk": 37, "fields": {"vendor": 6, "day": 7, "from_hour": "05:00 AM", "to_hour": "09:30 AM", "is_closed": false}}, {"model": "vendor.openinghour", "pk": 38, "fields": {"vendor": 6, "day": 6, "from_hour": "04:30 AM", "to_hour": "10:00 AM", "is_closed": false}}, {"model": "vendor.openinghour", "pk": 39, "fields": {"vendor": 7, "day": 1, "from_hour": "01:00 AM", "to_hour": "09:30 AM", "is_closed": false}}, {"model": "vendor.openinghour", "pk": 42, "fields": {"vendor": 5, "day": 7, "from_hour": "12:00 AM", "to_hour": "10:30 PM", "is_closed": false}}, {"model": "vendor.openinghour", "pk": 43, "fields": {"vendor": 4, "day": 6, "from_hour": "12:00 AM", "to_hour": "10:00 PM", "is_closed": false}}, {"model": "vendor.openinghour", "pk": 44, "fields": {"vendor": 4, "day": 7, "from_hour": "12:30 AM", "to_hour": "10:30 PM", "is_closed": false}}, {"model": "vendor.openinghour", "pk": 45, "fields": {"vendor": 3, "day": 6, "from_hour": "12:00 AM", "to_hour": "11:00 PM", "is_closed": false}}, {"model": "vendor.openinghour", "pk": 46, "fields": {"vendor": 3, "day": 7, "from_hour": "12:00 AM", "to_hour": "07:30 PM", "is_closed": false}}, {"model": "vendor.openinghour", "pk": 48, "fields": {"vendor": 1, "day": 7, "from_hour": "12:30 AM", "to_hour": "09:30 PM", "is_closed": false}}, {"model": "vendor.openinghour", "pk": 49, "fields": {"vendor": 5, "day": 6, "from_hour": "01:00 AM", "to_hour": "06:00 AM", "is_closed": false}}, {"model": "vendor.openinghour", "pk": 51, "fields": {"vendor": 7, "day": 6, "from_hour": "12:00 AM", "to_hour": "11:00 PM", "is_closed": false}}, {"model": "vendor.openinghour", "pk": 52, "fields": {"vendor": 1, "day": 6, "from_hour": "12:00 AM", "to_hour": "05:00 AM", "is_closed": false}}, {"model": "vendor.openinghour", "pk": 55, "fields": {"vendor": 4, "day": 2, "from_hour": "04:30 AM", "to_hour": "11:00 PM", "is_closed": false}}, {"model": "vendor.openinghour", "pk": 56, "fields": {"vendor": 9, "day": 3, "from_hour": "07:00 AM", "to_hour": "11:00 PM", "is_closed": false}}, {"model": "vendor.openinghour", "pk": 57, "fields": {"vendor": 9, "day": 4, "from_hour": "06:00 AM", "to_hour": "11:30 PM", "is_closed": false}}, {"model": "vendor.openinghour", "pk": 58, "fields": {"vendor": 3, "day": 5, "from_hour": "05:00 AM", "to_hour": "11:30 PM", "is_closed": false}}, {"model": "vendor.openinghour", "pk": 59, "fields": {"vendor": 3, "day": 6, "from_hour": "02:00 AM", "to_hour": "11:30 PM", "is_closed": false}}, {"model": "store.category", "pk": 1, "fields": {"vendor": 4, "category_name": "Kitchen", "slug": "kitchen", "description": "Kitchen", "created_at": "2025-02-24T09:38:47.360Z", "updated_at": "2025-02-24T09:38:47.360Z"}}, {"model": "store.category", "pk": 2, "fields": {"vendor": 4, "category_name": "Electronics", "slug": "electronics", "description": "Electronics", "created_at": "2025-02-24T09:39:08.569Z", "updated_at": "2025-02-24T09:39:08.569Z"}}, {"model": "store.category", "pk": 3, "fields": {"vendor": 4, "category_name": "Wears", "slug": "wears", "description": "Kiddo wears", "created_at": "2025-02-24T09:39:32.798Z", "updated_at": "2025-02-24T09:39:32.798Z"}}, {"model": "store.category", "pk": 4, "fields": {"vendor": 3, "category_name": "Gadget electronics super", "slug": "gadget-electronics-super", "description": "TV", "created_at": "2025-02-24T09:40:24.653Z", "updated_at": "2025-02-25T10:12:39.700Z"}}, {"model": "store.category", "pk": 5, "fields": {"vendor": 3, "category_name": "Home", "slug": "home", "description": "Rack", "created_at": "2025-02-24T09:41:13.867Z", "updated_at": "2025-02-24T09:41:13.867Z"}}, {"model": "store.category", "pk": 6, "fields": {"vendor": 1, "category_name": "Camera", "slug": "camera", "description": "Snap fast and sharp", "created_at": "2025-02-24T09:42:03.539Z", "updated_at": "2025-02-24T09:42:03.539Z"}}, {"model": "store.category", "pk": 7, "fields": {"vendor": 4, "category_name": "Sea foods", "slug": "sea-foods", "description": "Croaker fishes", "created_at": "2025-02-24T11:51:22.874Z", "updated_at": "2025-02-24T11:51:22.874Z"}}, {"model": "store.category", "pk": 8, "fields": {"vendor": 4, "category_name": "Land", "slug": "land-8", "description": "3 plots", "created_at": "2025-02-24T16:30:18.755Z", "updated_at": "2025-02-24T16:30:18.762Z"}}, {"model": "store.category", "pk": 12, "fields": {"vendor": 4, "category_name": "Kitchen", "slug": "", "description": "", "created_at": "2025-02-24T23:39:54.387Z", "updated_at": "2025-02-24T23:39:54.387Z"}}, {"model": "store.category", "pk": 26, "fields": {"vendor": 7, "category_name": "Institutions", "slug": "institutions", "description": "Schooling", "created_at": "2025-02-25T11:35:26.612Z", "updated_at": "2025-02-25T11:35:26.612Z"}}, {"model": "store.category", "pk": 27, "fields": {"vendor": 5, "category_name": "Betting", "slug": "betting", "description": "Sports betting", "created_at": "2025-02-27T09:15:16.001Z", "updated_at": "2025-02-27T09:15:16.001Z"}}, {"model": "store.category", "pk": 28, "fields": {"vendor": 6, "category_name": "Tailoring", "slug": "tailoring", "description": "Makes body beautiful", "created_at": "2025-02-27T09:17:20.000Z", "updated_at": "2025-02-27T09:17:20.000Z"}}, {"model": "store.category", "pk": 34, "fields": {"vendor": 7, "category_name": "Tablet", "slug": "tablet", "description": "Snap sharp", "created_at": "2025-02-27T09:53:03.556Z", "updated_at": "2025-02-27T09:53:03.556Z"}}, {"model": "store.category", "pk": 35, "fields": {"vendor": 7, "category_name": "Camera man", "slug": "camera-man", "description": "Sharp sharp", "created_at": "2025-02-27T09:53:27.299Z", "updated_at": "2025-02-27T09:53:27.299Z"}}, {"model": "store.category", "pk": 36, "fields": {"vendor": 9, "category_name": "Health and beauty", "slug": "health-and-beauty", "description": "It makes you beautiful,  soft,  model and Natural looking. It easily absorbs through body fiber and it provides long lasting color with soft touch and radiant shine.", "created_at": "2025-03-05T06:46:27.974Z", "updated_at": "2025-03-05T06:46:27.975Z"}}, {"model": "store.productitem", "pk": 1, "fields": {"vendor": 4, "category": 1, "product_title": "ring light", "slug": "ring-light", "description": "ring light", "price": "123.00", "image": "productimages/Selfie_ring_light.jpg", "is_available": true, "created_at": "2025-02-24T09:59:06.584Z", "updated_at": "2025-02-24T09:59:06.584Z"}}, {"model": "store.productitem", "pk": 2, "fields": {"vendor": 4, "category": 5, "product_title": "shoe rack", "slug": "shoe-rack", "description": "shoe rack for shoes", "price": "231.00", "image": "productimages/shoe_racks.png", "is_available": true, "created_at": "2025-02-24T09:59:44.117Z", "updated_at": "2025-02-24T09:59:44.117Z"}}, {"model": "store.productitem", "pk": 3, "fields": {"vendor": 4, "category": 3, "product_title": "Princess wears", "slug": "princess-wears", "description": "Pink gown wears for your daughter", "price": "54.00", "image": "productimages/Baby_Girl_Pink_Dress.jpg", "is_available": true, "created_at": "2025-02-24T10:00:31.771Z", "updated_at": "2025-02-24T10:00:31.771Z"}}, {"model": "store.productitem", "pk": 4, "fields": {"vendor": 3, "category": 5, "product_title": "closet storage facility", "slug": "closet-storage-facility", "description": "store clothes effectively", "price": "876.00", "image": "productimages/Closet_storage.png", "is_available": true, "created_at": "2025-02-24T10:01:11.116Z", "updated_at": "2025-02-25T10:12:14.916Z"}}, {"model": "store.productitem", "pk": 5, "fields": {"vendor": 3, "category": 2, "product_title": "LG Tv", "slug": "lg-tv", "description": "Watch smart Tv", "price": "9854.00", "image": "productimages/65_inces_TV.jpg", "is_available": true, "created_at": "2025-02-24T10:01:46.211Z", "updated_at": "2025-02-24T10:01:46.211Z"}}, {"model": "store.productitem", "pk": 6, "fields": {"vendor": 3, "category": 3, "product_title": "Princess gown", "slug": "princess-gown", "description": "princess gown", "price": "665.00", "image": "productimages/Princess_gown.jpg", "is_available": true, "created_at": "2025-02-24T10:02:26.319Z", "updated_at": "2025-02-24T10:02:26.319Z"}}, {"model": "store.productitem", "pk": 7, "fields": {"vendor": 3, "category": 3, "product_title": "princess wear", "slug": "princess-wear", "description": "Beautiful for your daughter", "price": "3423.00", "image": "productimages/Baby_Girl_Pink_Dress_G20KSIT.jpg", "is_available": true, "created_at": "2025-02-24T10:03:30.798Z", "updated_at": "2025-02-24T10:03:30.798Z"}}, {"model": "store.productitem", "pk": 8, "fields": {"vendor": 1, "category": 6, "product_title": "Camera", "slug": "camera", "description": "Best snap picture", "price": "876.00", "image": "productimages/Camera.jpg", "is_available": true, "created_at": "2025-02-24T10:04:06.112Z", "updated_at": "2025-02-24T10:04:06.113Z"}}, {"model": "store.productitem", "pk": 9, "fields": {"vendor": 1, "category": 5, "product_title": "Car washer", "slug": "car-washer", "description": "Wash your car at home", "price": "683.00", "image": "productimages/Car_cover.jpg", "is_available": true, "created_at": "2025-02-24T10:04:34.322Z", "updated_at": "2025-02-24T10:04:34.322Z"}}, {"model": "store.productitem", "pk": 10, "fields": {"vendor": 1, "category": 6, "product_title": "CCTV", "slug": "cctv", "description": "Get illegal movement around your home", "price": "777.00", "image": "productimages/CCTV.jpg", "is_available": true, "created_at": "2025-02-24T10:05:18.354Z", "updated_at": "2025-02-24T10:05:18.354Z"}}, {"model": "store.productitem", "pk": 12, "fields": {"vendor": 3, "category": 4, "product_title": "cam", "slug": "cam", "description": "camera", "price": "765.00", "image": "productimages/CCTV_ev0QGDp.jpg", "is_available": true, "created_at": "2025-02-25T10:13:25.329Z", "updated_at": "2025-02-25T10:13:25.329Z"}}, {"model": "store.productitem", "pk": 13, "fields": {"vendor": 7, "category": 26, "product_title": "Poly Schools", "slug": "poly-schools", "description": "polytechnic", "price": "999.00", "image": "productimages/Dashboard_Phone_holder.jpg", "is_available": true, "created_at": "2025-02-25T11:36:11.524Z", "updated_at": "2025-02-25T11:46:13.508Z"}}, {"model": "store.productitem", "pk": 15, "fields": {"vendor": 1, "category": 6, "product_title": "CCTV Camera", "slug": "cctv-camera", "description": "CCTV Camera for vigilance", "price": "675.00", "image": "productimages/CCTV_QfnSUF0.jpg", "is_available": true, "created_at": "2025-02-27T09:12:14.024Z", "updated_at": "2025-02-27T09:12:14.025Z"}}, {"model": "store.productitem", "pk": 16, "fields": {"vendor": 4, "category": 2, "product_title": "Samsung TV", "slug": "samsung-tv", "description": "Samsung TV display", "price": "979.00", "image": "productimages/65_inces_TV_5LkrSa8.jpg", "is_available": true, "created_at": "2025-02-27T09:14:18.378Z", "updated_at": "2025-02-27T09:14:18.378Z"}}, {"model": "store.productitem", "pk": 17, "fields": {"vendor": 5, "category": 27, "product_title": "Yanga", "slug": "yanga", "description": "Surest odds and high bonuses", "price": "100.00", "image": "productimages/Car_cover_CkbfKeA.jpg", "is_available": true, "created_at": "2025-02-27T09:15:55.031Z", "updated_at": "2025-02-27T09:15:55.031Z"}}, {"model": "store.productitem", "pk": 19, "fields": {"vendor": 5, "category": 27, "product_title": "Yanga Sport", "slug": "yanga-sport", "description": "Stake high and win high", "price": "323.00", "image": "productimages/Home_theatre_JKrd0UX.jpg", "is_available": true, "created_at": "2025-02-27T09:16:36.885Z", "updated_at": "2025-02-27T09:16:36.885Z"}}, {"model": "store.productitem", "pk": 20, "fields": {"vendor": 6, "category": 28, "product_title": "Sawing Maching", "slug": "sawing-maching", "description": "Two lion Sewing maching", "price": "656.00", "image": "productimages/car_washer.jpg", "is_available": true, "created_at": "2025-02-27T09:17:57.246Z", "updated_at": "2025-02-27T09:17:57.246Z"}}, {"model": "store.productitem", "pk": 21, "fields": {"vendor": 6, "category": 28, "product_title": "Sawing Maching Singer", "slug": "sawing-maching-singer", "description": "Singer Sewing maching", "price": "556.00", "image": "productimages/iron_steamers.png", "is_available": true, "created_at": "2025-02-27T09:18:26.036Z", "updated_at": "2025-02-27T09:18:26.036Z"}}, {"model": "store.productitem", "pk": 22, "fields": {"vendor": 7, "category": 26, "product_title": "Iron", "slug": "iron", "description": "Ironing", "price": "88.00", "image": "productimages/iron_steamers_H54QwMI.png", "is_available": true, "created_at": "2025-02-27T09:19:21.875Z", "updated_at": "2025-02-27T09:19:21.875Z"}}, {"model": "store.productitem", "pk": 24, "fields": {"vendor": 7, "category": 35, "product_title": "Camera Me", "slug": "camera-me", "description": "Snap brightly", "price": "888.00", "image": "productimages/Camera_Eh5UsQV.jpg", "is_available": true, "created_at": "2025-02-27T09:54:12.739Z", "updated_at": "2025-02-27T09:54:12.739Z"}}, {"model": "store.productitem", "pk": 25, "fields": {"vendor": 9, "category": 36, "product_title": "Clipper", "slug": "clipper", "description": "KIKI Rechargeable Professional Hair  Trimmer has a 2000mAh  Battery for lost long use without charging.", "price": "10.00", "image": "productimages/clipper.jpg", "is_available": true, "created_at": "2025-03-05T06:47:49.557Z", "updated_at": "2025-03-05T06:47:49.557Z"}}, {"model": "store.productitem", "pk": 26, "fields": {"vendor": 9, "category": 36, "product_title": "Cream", "slug": "cream", "description": "This makes you complexion glow", "price": "15.00", "image": "productimages/cream.jpg", "is_available": true, "created_at": "2025-03-05T06:48:52.804Z", "updated_at": "2025-03-05T06:48:52.804Z"}}, {"model": "marketplace.cart", "pk": 38, "fields": {"user": 29, "productitem": 6, "quantity": 3, "created_at": "2025-02-27T00:50:23.517Z", "updated_at": "2025-02-27T01:32:31.312Z"}}, {"model": "marketplace.cart", "pk": 43, "fields": {"user": 29, "productitem": 1, "quantity": 2, "created_at": "2025-02-27T01:32:42.637Z", "updated_at": "2025-02-27T01:32:49.053Z"}}, {"model": "marketplace.cart", "pk": 46, "fields": {"user": 28, "productitem": 10, "quantity": 2, "created_at": "2025-03-01T02:15:43.638Z", "updated_at": "2025-03-01T02:15:51.959Z"}}, {"model": "marketplace.cart", "pk": 47, "fields": {"user": 28, "productitem": 20, "quantity": 1, "created_at": "2025-03-01T02:24:34.116Z", "updated_at": "2025-03-01T02:24:34.116Z"}}, {"model": "marketplace.cart", "pk": 67, "fields": {"user": 23, "productitem": 2, "quantity": 1, "created_at": "2025-03-02T08:27:03.320Z", "updated_at": "2025-03-04T07:57:44.601Z"}}, {"model": "marketplace.cart", "pk": 70, "fields": {"user": 23, "productitem": 12, "quantity": 2, "created_at": "2025-03-02T08:27:17.964Z", "updated_at": "2025-03-04T10:47:16.158Z"}}, {"model": "marketplace.cart", "pk": 71, "fields": {"user": 23, "productitem": 1, "quantity": 1, "created_at": "2025-03-04T10:47:31.897Z", "updated_at": "2025-03-04T10:47:31.897Z"}}, {"model": "marketplace.cart", "pk": 72, "fields": {"user": 23, "productitem": 3, "quantity": 1, "created_at": "2025-03-04T10:47:37.660Z", "updated_at": "2025-03-04T10:47:37.660Z"}}, {"model": "marketplace.tax", "pk": 1, "fields": {"tax_type": "VAT", "tax_percentage": "7.50", "is_active": true}}, {"model": "marketplace.tax", "pk": 2, "fields": {"tax_type": "WHT", "tax_percentage": "0.00", "is_active": true}}, {"model": "orders.payment", "pk": 1, "fields": {"user": 23, "transaction_id": "8LA958875L6028154", "payment_method": "PayPal", "amount": "3919.45", "status": "COMPLETED", "public_key": null, "secret_key": null, "created_at": "2025-03-03T23:04:18.138Z"}}, {"model": "orders.payment", "pk": 2, "fields": {"user": 23, "transaction_id": "877562170D435872D", "payment_method": "PayPal", "amount": "3919.45", "status": "COMPLETED", "public_key": null, "secret_key": null, "created_at": "2025-03-04T07:21:21.593Z"}}, {"model": "orders.payment", "pk": 3, "fields": {"user": 23, "transaction_id": "6GD845729C0501515", "payment_method": "PayPal", "amount": "3919.45", "status": "COMPLETED", "public_key": null, "secret_key": null, "created_at": "2025-03-04T07:55:28.280Z"}}, {"model": "orders.payment", "pk": 4, "fields": {"user": 23, "transaction_id": "9YY86768CE115903R", "payment_method": "PayPal", "amount": "1070.70", "status": "COMPLETED", "public_key": null, "secret_key": null, "created_at": "2025-03-04T09:19:41.923Z"}}, {"model": "orders.payment", "pk": 5, "fields": {"user": 23, "transaction_id": "7N247069JW308130N", "payment_method": "PayPal", "amount": "1070.70", "status": "COMPLETED", "public_key": null, "secret_key": null, "created_at": "2025-03-04T09:47:11.225Z"}}, {"model": "orders.payment", "pk": 6, "fields": {"user": 23, "transaction_id": "2KD90717US3409607", "payment_method": "PayPal", "amount": "1070.70", "status": "COMPLETED", "public_key": null, "secret_key": null, "created_at": "2025-03-04T09:55:42.437Z"}}, {"model": "orders.payment", "pk": 7, "fields": {"user": 23, "transaction_id": "3NL16967XP370361T", "payment_method": "PayPal", "amount": "1070.70", "status": "COMPLETED", "public_key": null, "secret_key": null, "created_at": "2025-03-04T10:00:48.522Z"}}, {"model": "orders.payment", "pk": 8, "fields": {"user": 23, "transaction_id": "9JL76068V4348505A", "payment_method": "PayPal", "amount": "1070.70", "status": "COMPLETED", "public_key": null, "secret_key": null, "created_at": "2025-03-04T10:06:04.046Z"}}, {"model": "orders.payment", "pk": 9, "fields": {"user": 23, "transaction_id": "0X928382GJ0106050", "payment_method": "PayPal", "amount": "2083.35", "status": "COMPLETED", "public_key": null, "secret_key": null, "created_at": "2025-03-04T10:54:29.143Z"}}, {"model": "orders.payment", "pk": 10, "fields": {"user": 23, "transaction_id": "5C72336098795042C", "payment_method": "PayPal", "amount": "2083.35", "status": "COMPLETED", "public_key": null, "secret_key": null, "created_at": "2025-03-04T11:19:35.775Z"}}, {"model": "orders.payment", "pk": 11, "fields": {"user": 9, "transaction_id": "0BF654963R590530T", "payment_method": "PayPal", "amount": "705.20", "status": "COMPLETED", "public_key": null, "secret_key": null, "created_at": "2025-03-04T11:21:53.706Z"}}, {"model": "orders.payment", "pk": 12, "fields": {"user": 9, "transaction_id": "84333122LP803253T", "payment_method": "PayPal", "amount": "705.20", "status": "COMPLETED", "public_key": null, "secret_key": null, "created_at": "2025-03-04T11:24:15.607Z"}}, {"model": "orders.payment", "pk": 13, "fields": {"user": 9, "transaction_id": "6K881410FM9739344", "payment_method": "PayPal", "amount": "705.20", "status": "COMPLETED", "public_key": null, "secret_key": null, "created_at": "2025-03-04T11:26:43.077Z"}}, {"model": "orders.payment", "pk": 14, "fields": {"user": 9, "transaction_id": "96A99288VX2550921", "payment_method": "PayPal", "amount": "705.20", "status": "COMPLETED", "public_key": null, "secret_key": null, "created_at": "2025-03-04T11:40:04.982Z"}}, {"model": "orders.payment", "pk": 15, "fields": {"user": 9, "transaction_id": "0KL0155158822915C", "payment_method": "PayPal", "amount": "705.20", "status": "COMPLETED", "public_key": null, "secret_key": null, "created_at": "2025-03-04T11:42:04.545Z"}}, {"model": "orders.payment", "pk": 16, "fields": {"user": 9, "transaction_id": "3VX23591MP956264G", "payment_method": "PayPal", "amount": "835.28", "status": "COMPLETED", "public_key": null, "secret_key": null, "created_at": "2025-03-04T11:51:52.724Z"}}, {"model": "orders.payment", "pk": 17, "fields": {"user": 9, "transaction_id": "8VX428758X501850M", "payment_method": "PayPal", "amount": "1670.55", "status": "COMPLETED", "public_key": null, "secret_key": null, "created_at": "2025-03-04T16:41:16.129Z"}}, {"model": "orders.payment", "pk": 18, "fields": {"user": 9, "transaction_id": "8L33400636908963F", "payment_method": "PayPal", "amount": "1302.90", "status": "COMPLETED", "public_key": null, "secret_key": null, "created_at": "2025-03-04T16:42:44.688Z"}}, {"model": "orders.payment", "pk": 19, "fields": {"user": 9, "transaction_id": "2025030514472486", "payment_method": "Paystack", "amount": "585.88", "status": "Success", "public_key": null, "secret_key": null, "created_at": "2025-03-05T13:48:38.433Z"}}, {"model": "orders.payment", "pk": 20, "fields": {"user": 9, "transaction_id": "2025030515055587", "payment_method": "Paystack", "amount": "585.88", "status": "Success", "public_key": null, "secret_key": null, "created_at": "2025-03-05T14:07:08.040Z"}}, {"model": "orders.payment", "pk": 21, "fields": {"user": 9, "transaction_id": "2025030515073488", "payment_method": "Paystack", "amount": "585.88", "status": "Success", "public_key": null, "secret_key": null, "created_at": "2025-03-05T14:08:52.535Z"}}, {"model": "orders.payment", "pk": 22, "fields": {"user": 9, "transaction_id": "2025030515253889", "payment_method": "Paystack", "amount": "585.88", "status": "Success", "public_key": null, "secret_key": null, "created_at": "2025-03-05T14:26:59.633Z"}}, {"model": "orders.payment", "pk": 23, "fields": {"user": 9, "transaction_id": "2025030516124692", "payment_method": "Paystack", "amount": "585.88", "status": "Success", "public_key": null, "secret_key": null, "created_at": "2025-03-05T15:13:07.253Z"}}, {"model": "orders.payment", "pk": 24, "fields": {"user": 9, "transaction_id": "2025030612521295", "payment_method": "Paystack", "amount": "526.75", "status": "Success", "public_key": null, "secret_key": null, "created_at": "2025-03-06T11:52:29.622Z"}}, {"model": "orders.payment", "pk": 25, "fields": {"user": 9, "transaction_id": "2025030614471597", "payment_method": "Paystack", "amount": "526.75", "status": "Success", "public_key": null, "secret_key": null, "created_at": "2025-03-06T13:47:27.545Z"}}, {"model": "orders.payment", "pk": 26, "fields": {"user": 9, "transaction_id": "2025030614501298", "payment_method": "Paystack", "amount": "526.75", "status": "Success", "public_key": null, "secret_key": null, "created_at": "2025-03-06T13:50:27.365Z"}}, {"model": "orders.payment", "pk": 27, "fields": {"user": 9, "transaction_id": "2025030615002499", "payment_method": "Paystack", "amount": "526.75", "status": "Success", "public_key": null, "secret_key": null, "created_at": "2025-03-06T14:00:36.676Z"}}, {"model": "orders.payment", "pk": 31, "fields": {"user": 9, "transaction_id": "20250306201428122", "payment_method": "Paystack", "amount": "537.50", "status": "Success", "public_key": null, "secret_key": null, "created_at": "2025-03-06T19:14:58.331Z"}}, {"model": "orders.payment", "pk": 32, "fields": {"user": 9, "transaction_id": "20250306203116124", "payment_method": "Paystack", "amount": "526.75", "status": "Success", "public_key": null, "secret_key": null, "created_at": "2025-03-06T19:31:41.718Z"}}, {"model": "orders.payment", "pk": 33, "fields": {"user": 9, "transaction_id": "20250306205640125", "payment_method": "Paystack", "amount": "526.75", "status": "Success", "public_key": null, "secret_key": null, "created_at": "2025-03-06T19:57:02.127Z"}}, {"model": "orders.payment", "pk": 34, "fields": {"user": 9, "transaction_id": "20250306205843126", "payment_method": "Paystack", "amount": "526.75", "status": "Success", "public_key": null, "secret_key": null, "created_at": "2025-03-06T19:59:18.271Z"}}, {"model": "orders.payment", "pk": 35, "fields": {"user": 9, "transaction_id": "20250306212736127", "payment_method": "Paystack", "amount": "526.75", "status": "Success", "public_key": null, "secret_key": null, "created_at": "2025-03-06T20:28:01.047Z"}}, {"model": "orders.payment", "pk": 36, "fields": {"user": 9, "transaction_id": "20250306213624130", "payment_method": "Paystack", "amount": "526.75", "status": "Success", "public_key": null, "secret_key": null, "created_at": "2025-03-06T20:38:55.252Z"}}, {"model": "orders.payment", "pk": 37, "fields": {"user": 9, "transaction_id": "20250306214050131", "payment_method": "Paystack", "amount": "526.75", "status": "Success", "public_key": null, "secret_key": null, "created_at": "2025-03-06T20:41:10.759Z"}}, {"model": "orders.payment", "pk": 38, "fields": {"user": 9, "transaction_id": "20250306214545132", "payment_method": "Paystack", "amount": "553.62", "status": "Success", "public_key": null, "secret_key": null, "created_at": "2025-03-06T20:46:03.663Z"}}, {"model": "orders.payment", "pk": 39, "fields": {"user": 9, "transaction_id": "20250306221853133", "payment_method": "Paystack", "amount": "553.62", "status": "Success", "public_key": null, "secret_key": null, "created_at": "2025-03-06T21:19:08.121Z"}}, {"model": "orders.payment", "pk": 40, "fields": {"user": 9, "transaction_id": "20250306222012134", "payment_method": "Paystack", "amount": "537.50", "status": "Success", "public_key": null, "secret_key": null, "created_at": "2025-03-06T21:20:59.472Z"}}, {"model": "orders.payment", "pk": 41, "fields": {"user": 9, "transaction_id": "20250306223540136", "payment_method": "Paystack", "amount": "612.75", "status": "Success", "public_key": null, "secret_key": null, "created_at": "2025-03-06T21:36:00.604Z"}}, {"model": "orders.payment", "pk": 42, "fields": {"user": 9, "transaction_id": "20250306224043137", "payment_method": "Paystack", "amount": "612.75", "status": "Success", "public_key": null, "secret_key": null, "created_at": "2025-03-06T21:41:01.816Z"}}, {"model": "orders.payment", "pk": 43, "fields": {"user": 9, "transaction_id": "20250306224141138", "payment_method": "Paystack", "amount": "602.00", "status": "Success", "public_key": null, "secret_key": null, "created_at": "2025-03-06T21:41:55.319Z"}}, {"model": "orders.payment", "pk": 44, "fields": {"user": 9, "transaction_id": "20250306224456139", "payment_method": "Paystack", "amount": "585.88", "status": "Success", "public_key": null, "secret_key": null, "created_at": "2025-03-06T21:45:27.858Z"}}, {"model": "orders.payment", "pk": 45, "fields": {"user": 9, "transaction_id": "20250306224949140", "payment_method": "Paystack", "amount": "585.88", "status": "Success", "public_key": null, "secret_key": null, "created_at": "2025-03-06T21:50:01.792Z"}}, {"model": "orders.payment", "pk": 46, "fields": {"user": 9, "transaction_id": "MNFY|17|20250306225639|001232", "payment_method": "Monnify", "amount": "585.88", "status": "Success", "public_key": null, "secret_key": null, "created_at": "2025-03-06T21:57:13.200Z"}}, {"model": "orders.payment", "pk": 47, "fields": {"user": 9, "transaction_id": "MNFY|47|20250306225813|001211", "payment_method": "Monnify", "amount": "650.38", "status": "Success", "public_key": null, "secret_key": null, "created_at": "2025-03-06T21:58:53.586Z"}}, {"model": "orders.payment", "pk": 48, "fields": {"user": 9, "transaction_id": "20250307002213143", "payment_method": "Paystack", "amount": "650.38", "status": "Success", "public_key": null, "secret_key": null, "created_at": "2025-03-06T23:22:26.636Z"}}, {"model": "orders.payment", "pk": 49, "fields": {"user": 9, "transaction_id": "20250307010228144", "payment_method": "payment_method", "amount": "634.25", "status": "status", "public_key": null, "secret_key": null, "created_at": "2025-03-07T00:02:40.915Z"}}, {"model": "orders.payment", "pk": 50, "fields": {"user": 9, "transaction_id": "20250307022240150", "payment_method": "payment_method", "amount": "585.88", "status": "status", "public_key": null, "secret_key": null, "created_at": "2025-03-07T01:22:52.865Z"}}, {"model": "orders.payment", "pk": 51, "fields": {"user": 9, "transaction_id": "20250307022604151", "payment_method": "payment_method", "amount": "623.50", "status": "status", "public_key": null, "secret_key": null, "created_at": "2025-03-07T01:27:21.816Z"}}, {"model": "orders.payment", "pk": 52, "fields": {"user": 9, "transaction_id": "20250307023145153", "payment_method": "payment_method", "amount": "623.50", "status": "status", "public_key": null, "secret_key": null, "created_at": "2025-03-07T01:31:59.608Z"}}, {"model": "orders.payment", "pk": 53, "fields": {"user": 9, "transaction_id": "20250307075523154", "payment_method": "payment_method", "amount": "21450.55", "status": "status", "public_key": null, "secret_key": null, "created_at": "2025-03-07T06:55:35.964Z"}}, {"model": "orders.payment", "pk": 54, "fields": {"user": 9, "transaction_id": "20250307080332157", "payment_method": "payment_method", "amount": "2242.45", "status": "status", "public_key": null, "secret_key": null, "created_at": "2025-03-07T07:03:41.379Z"}}, {"model": "orders.payment", "pk": 55, "fields": {"user": 9, "transaction_id": "MNFY|47|20250307080738|001225", "payment_method": "Monnify", "amount": "1302.90", "status": "Success", "public_key": null, "secret_key": null, "created_at": "2025-03-07T07:08:06.334Z"}}, {"model": "orders.payment", "pk": 56, "fields": {"user": 9, "transaction_id": "20250307082858161", "payment_method": "payment_method", "amount": "1073.92", "status": "status", "public_key": null, "secret_key": null, "created_at": "2025-03-07T07:29:08.296Z"}}, {"model": "orders.payment", "pk": 57, "fields": {"user": 9, "transaction_id": "20250307083417165", "payment_method": "payment_method", "amount": "1675.92", "status": "status", "public_key": null, "secret_key": null, "created_at": "2025-03-07T07:34:30.390Z"}}, {"model": "orders.payment", "pk": 58, "fields": {"user": 9, "transaction_id": "20250307094926167", "payment_method": "payment_method", "amount": "3221.78", "status": "status", "public_key": null, "secret_key": null, "created_at": "2025-03-07T08:49:35.793Z"}}, {"model": "orders.payment", "pk": 59, "fields": {"user": 9, "transaction_id": "MNFY|47|20250307095458|001234", "payment_method": "Monnify", "amount": "11734.70", "status": "Success", "public_key": null, "secret_key": null, "created_at": "2025-03-07T08:55:13.124Z"}}, {"model": "orders.payment", "pk": 60, "fields": {"user": 9, "transaction_id": "20250307164103172", "payment_method": "payment_method", "amount": "14108.30", "status": "status", "public_key": null, "secret_key": null, "created_at": "2025-03-07T15:41:29.155Z"}}, {"model": "orders.payment", "pk": 61, "fields": {"user": 9, "transaction_id": "20250307232855173", "payment_method": "payment_method", "amount": "4174.22", "status": "status", "public_key": null, "secret_key": null, "created_at": "2025-03-07T22:29:08.347Z"}}, {"model": "orders.payment", "pk": 62, "fields": {"user": 9, "transaction_id": "MNFY|12|20250307233835|001380", "payment_method": "Monnify", "amount": "3002.48", "status": "Success", "public_key": null, "secret_key": null, "created_at": "2025-03-07T22:38:48.828Z"}}, {"model": "orders.payment", "pk": 63, "fields": {"user": 9, "transaction_id": "20250307235151175", "payment_method": "payment_method", "amount": "14524.32", "status": "status", "public_key": null, "secret_key": null, "created_at": "2025-03-07T22:52:04.766Z"}}, {"model": "orders.payment", "pk": 64, "fields": {"user": 9, "transaction_id": "20250309074939176", "payment_method": "payment_method", "amount": "847.10", "status": "status", "public_key": null, "secret_key": null, "created_at": "2025-03-09T06:52:24.113Z"}}, {"model": "orders.payment", "pk": 65, "fields": {"user": 37, "transaction_id": "20250309192759178", "payment_method": "payment_method", "amount": "1825.35", "status": "status", "public_key": null, "secret_key": null, "created_at": "2025-03-09T18:30:21.076Z"}}, {"model": "orders.order", "pk": 169, "fields": {"user": 9, "payment": 4, "order_number": "2025030715152345", "first_name": "Barakat", "last_name": "Adeola", "phone": "08100063061", "email": "hizeetech@gmail.com", "address": "Abeojuta", "country": "Nigeria", "state": "Ogun State", "city": "Abeokuta", "zip_code": "112001", "total": 32567.0, "tax_data": null, "total_data": null, "total_tax": 234.0, "payment_method": "Paystack", "status": "New", "is_ordered": true, "created_at": "2025-03-07T15:15:54.734Z", "updated_at": "2025-03-07T15:17:18.543Z", "vendors": [3, 5, 7]}}, {"model": "orders.order", "pk": 170, "fields": {"user": 9, "payment": 5, "order_number": "2025070316178987", "first_name": "HizeeTech", "last_name": "Adeola", "phone": "08100063061", "email": "hizeetech@gmail.com", "address": "Abeojuta", "country": "Nigeria", "state": "Ogun State", "city": "Abeokuta", "zip_code": "112001", "total": 1070.7, "tax_data": null, "total_data": null, "total_tax": 12.0, "payment_method": "Monnify", "status": "New", "is_ordered": true, "created_at": "2025-03-07T15:19:15.372Z", "updated_at": "2025-03-07T15:19:15.373Z", "vendors": [9, 4, 6]}}, {"model": "orders.order", "pk": 171, "fields": {"user": 9, "payment": 9, "order_number": "202507354763731", "first_name": "wale", "last_name": "ola", "phone": "08036963671", "email": "hizetech@gmail.com", "address": "1 khadtay building Panseke", "country": "Nigeria", "state": "Ogun State", "city": "Abeokuta", "zip_code": "112001", "total": 9999.0, "tax_data": null, "total_data": null, "total_tax": 76.0, "payment_method": "Paystack", "status": "New", "is_ordered": true, "created_at": "2025-03-07T15:20:56.755Z", "updated_at": "2025-03-07T15:20:56.755Z", "vendors": [1, 3, 4, 9]}}, {"model": "orders.order", "pk": 172, "fields": {"user": 9, "payment": 60, "order_number": "20250307164103172", "first_name": "baby", "last_name": "baby", "phone": "9876556787", "email": "babybaby@aol.com", "address": "1 khadtay building Panseke", "country": "Nigeria", "state": "Ogun State", "city": "Abeokuta", "zip_code": "112001", "total": 14108.3, "tax_data": "{\"VAT\": {\"7.50\": 984.30}, \"WHT\": {\"0.00\": 0.00}}", "total_data": "{\"4\": {\"708.00\": \"{'VAT': {'7.50': '53.10'}, 'WHT': {'0.00': '0.00'}}\"}, \"3\": {\"12371.00\": \"{'VAT': {'7.50': '927.82'}, 'WHT': {'0.00': '0.00'}}\"}, \"9\": {\"45.00\": \"{'VAT': {'7.50': '3.38'}, 'WHT': {'0.00': '0.00'}}\"}}", "total_tax": 984.3, "payment_method": "Paystack", "status": "New", "is_ordered": true, "created_at": "2025-03-07T15:41:03.593Z", "updated_at": "2025-03-07T15:41:29.160Z", "vendors": [9, 3, 4]}}, {"model": "orders.order", "pk": 173, "fields": {"user": 9, "payment": 61, "order_number": "20250307232855173", "first_name": "baby", "last_name": "baby", "phone": "9876556787", "email": "babybaby@aol.com", "address": "1 khadtay building Panseke", "country": "Nigeria", "state": "Ogun State", "city": "Abeokuta", "zip_code": "112001", "total": 4174.22, "tax_data": "{\"VAT\": {\"7.50\": 291.22}, \"WHT\": {\"0.00\": 0.00}}", "total_data": "{\"3\": {\"2517.00\": \"{'VAT': {'7.50': '188.78'}, 'WHT': {'0.00': '0.00'}}\"}, \"1\": {\"1366.00\": \"{'VAT': {'7.50': '102.45'}, 'WHT': {'0.00': '0.00'}}\"}}", "total_tax": 291.22, "payment_method": "Paystack", "status": "New", "is_ordered": true, "created_at": "2025-03-07T22:28:55.003Z", "updated_at": "2025-03-07T22:29:08.352Z", "vendors": [1, 3]}}, {"model": "orders.order", "pk": 174, "fields": {"user": 9, "payment": 62, "order_number": "20250307233831174", "first_name": "baby", "last_name": "baby", "phone": "9876556787", "email": "gaasholdings@gmail.com", "address": "Plot 2 Road 8, Madandola Estate, Abeokuta", "country": "Nigeria", "state": "Ogun", "city": "Abeokuta", "zip_code": "101001", "total": 3002.48, "tax_data": "{\"VAT\": {\"7.50\": 209.48}, \"WHT\": {\"0.00\": 0.00}}", "total_data": "{\"6\": {\"2424.00\": \"{'VAT': {'7.50': '181.80'}, 'WHT': {'0.00': '0.00'}}\"}, \"4\": {\"369.00\": \"{'VAT': {'7.50': '27.68'}, 'WHT': {'0.00': '0.00'}}\"}}", "total_tax": 209.48, "payment_method": "Monnify", "status": "New", "is_ordered": true, "created_at": "2025-03-07T22:38:31.403Z", "updated_at": "2025-03-07T22:38:48.833Z", "vendors": [4, 6]}}, {"model": "orders.order", "pk": 175, "fields": {"user": 9, "payment": 63, "order_number": "20250307235151175", "first_name": "baby", "last_name": "baby", "phone": "9876556787", "email": "gaasholdings@gmail.com", "address": "Abeojuta", "country": "Nigeria", "state": "Ogun State", "city": "Abeokuta", "zip_code": "112001", "total": 14524.32, "tax_data": "{\"VAT\": {\"7.50\": 1013.32}, \"WHT\": {\"0.00\": 0.00}}", "total_data": "{\"4\": {\"1333.00\": \"{'VAT': {'7.50': '99.98'}, 'WHT': {'0.00': '0.00'}}\"}, \"1\": {\"683.00\": \"{'VAT': {'7.50': '51.22'}, 'WHT': {'0.00': '0.00'}}\"}, \"3\": {\"11495.00\": \"{'VAT': {'7.50': '862.12'}, 'WHT': {'0.00': '0.00'}}\"}}", "total_tax": 1013.32, "payment_method": "Paystack", "status": "New", "is_ordered": true, "created_at": "2025-03-07T22:51:51.331Z", "updated_at": "2025-03-07T22:52:04.772Z", "vendors": [1, 3, 4]}}, {"model": "orders.order", "pk": 176, "fields": {"user": 9, "payment": 64, "order_number": "20250309074939176", "first_name": "baby", "last_name": "baby", "phone": "9876556787", "email": "barakatshittu22@gmail.com", "address": "Plot 2 Road 8, Madandola Estate, Abeokuta", "country": "Nigeria", "state": "Ogun", "city": "Abeokuta", "zip_code": "101001", "total": 847.1, "tax_data": "{\"VAT\": {\"7.50\": 59.10}, \"WHT\": {\"0.00\": 0.00}}", "total_data": "{\"3\": {\"665.00\": \"{'VAT': {'7.50': '49.88'}, 'WHT': {'0.00': '0.00'}}\"}, \"4\": {\"123.00\": \"{'VAT': {'7.50': '9.22'}, 'WHT': {'0.00': '0.00'}}\"}}", "total_tax": 59.1, "payment_method": "Paystack", "status": "New", "is_ordered": true, "created_at": "2025-03-09T06:49:39.817Z", "updated_at": "2025-03-09T06:52:24.122Z", "vendors": [3, 4]}}, {"model": "orders.order", "pk": 177, "fields": {"user": 9, "payment": null, "order_number": "20250309132713177", "first_name": "baby", "last_name": "baby", "phone": "9876556787", "email": "babybaby@aol.com", "address": "Plot 2 Road 8, Madandola Estate, Abeokuta", "country": "Nigeria", "state": "Ogun", "city": "Abeokuta", "zip_code": "101001", "total": 705.2, "tax_data": "{\"VAT\": {\"7.50\": 49.20}, \"WHT\": {\"0.00\": 0.00}}", "total_data": "{\"6\": {\"656.00\": \"{'VAT': {'7.50': '49.20'}, 'WHT': {'0.00': '0.00'}}\"}}", "total_tax": 49.2, "payment_method": "Paystack", "status": "New", "is_ordered": false, "created_at": "2025-03-09T12:27:13.449Z", "updated_at": "2025-03-09T12:27:13.465Z", "vendors": [6]}}, {"model": "orders.order", "pk": 178, "fields": {"user": 37, "payment": 65, "order_number": "20250309192759178", "first_name": "HizeeTech", "last_name": "Ibro", "phone": "08100063061", "email": "hizeetech@gmail.com", "address": "Plot 2 Road 8, Madandola Estate, Abeokuta", "country": "Nigeria", "state": "Ogun", "city": "Abeokuta", "zip_code": "101001", "total": 1825.35, "tax_data": "{\"VAT\": {\"7.50\": 127.35}, \"WHT\": {\"0.00\": 0.00}}", "total_data": "{\"4\": {\"1033.00\": \"{'VAT': {'7.50': '77.48'}, 'WHT': {'0.00': '0.00'}}\"}, \"3\": {\"665.00\": \"{'VAT': {'7.50': '49.88'}, 'WHT': {'0.00': '0.00'}}\"}}", "total_tax": 127.35, "payment_method": "Paystack", "status": "New", "is_ordered": true, "created_at": "2025-03-09T18:27:59.588Z", "updated_at": "2025-03-09T18:30:21.101Z", "vendors": [3, 4]}}, {"model": "orders.orderedproduct", "pk": 58, "fields": {"order": 172, "payment": 60, "user": 9, "productitem": 2, "quantity": 2, "price": 231.0, "amount": 462.0, "created_at": "2025-03-07T15:41:29.178Z", "updated_at": "2025-03-07T15:41:29.178Z"}}, {"model": "orders.orderedproduct", "pk": 59, "fields": {"order": 172, "payment": 60, "user": 9, "productitem": 4, "quantity": 2, "price": 876.0, "amount": 1752.0, "created_at": "2025-03-07T15:41:29.178Z", "updated_at": "2025-03-07T15:41:29.178Z"}}, {"model": "orders.orderedproduct", "pk": 60, "fields": {"order": 172, "payment": 60, "user": 9, "productitem": 12, "quantity": 1, "price": 765.0, "amount": 765.0, "created_at": "2025-03-07T15:41:29.178Z", "updated_at": "2025-03-07T15:41:29.178Z"}}, {"model": "orders.orderedproduct", "pk": 61, "fields": {"order": 172, "payment": 60, "user": 9, "productitem": 26, "quantity": 1, "price": 15.0, "amount": 15.0, "created_at": "2025-03-07T15:41:29.178Z", "updated_at": "2025-03-07T15:41:29.178Z"}}, {"model": "orders.orderedproduct", "pk": 62, "fields": {"order": 172, "payment": 60, "user": 9, "productitem": 25, "quantity": 3, "price": 10.0, "amount": 30.0, "created_at": "2025-03-07T15:41:29.178Z", "updated_at": "2025-03-07T15:41:29.178Z"}}, {"model": "orders.orderedproduct", "pk": 63, "fields": {"order": 172, "payment": 60, "user": 9, "productitem": 1, "quantity": 2, "price": 123.0, "amount": 246.0, "created_at": "2025-03-07T15:41:29.178Z", "updated_at": "2025-03-07T15:41:29.178Z"}}, {"model": "orders.orderedproduct", "pk": 64, "fields": {"order": 172, "payment": 60, "user": 9, "productitem": 5, "quantity": 1, "price": 9854.0, "amount": 9854.0, "created_at": "2025-03-07T15:41:29.178Z", "updated_at": "2025-03-07T15:41:29.178Z"}}, {"model": "orders.orderedproduct", "pk": 65, "fields": {"order": 173, "payment": 61, "user": 9, "productitem": 4, "quantity": 2, "price": 876.0, "amount": 1752.0, "created_at": "2025-03-07T22:29:08.360Z", "updated_at": "2025-03-07T22:29:08.360Z"}}, {"model": "orders.orderedproduct", "pk": 66, "fields": {"order": 173, "payment": 61, "user": 9, "productitem": 9, "quantity": 2, "price": 683.0, "amount": 1366.0, "created_at": "2025-03-07T22:29:08.360Z", "updated_at": "2025-03-07T22:29:08.360Z"}}, {"model": "orders.orderedproduct", "pk": 67, "fields": {"order": 173, "payment": 61, "user": 9, "productitem": 12, "quantity": 1, "price": 765.0, "amount": 765.0, "created_at": "2025-03-07T22:29:08.360Z", "updated_at": "2025-03-07T22:29:08.360Z"}}, {"model": "orders.orderedproduct", "pk": 68, "fields": {"order": 174, "payment": 62, "user": 9, "productitem": 20, "quantity": 2, "price": 656.0, "amount": 1312.0, "created_at": "2025-03-07T22:38:48.840Z", "updated_at": "2025-03-07T22:38:48.840Z"}}, {"model": "orders.orderedproduct", "pk": 69, "fields": {"order": 174, "payment": 62, "user": 9, "productitem": 21, "quantity": 2, "price": 556.0, "amount": 1112.0, "created_at": "2025-03-07T22:38:48.841Z", "updated_at": "2025-03-07T22:38:48.841Z"}}, {"model": "orders.orderedproduct", "pk": 70, "fields": {"order": 174, "payment": 62, "user": 9, "productitem": 1, "quantity": 3, "price": 123.0, "amount": 369.0, "created_at": "2025-03-07T22:38:48.841Z", "updated_at": "2025-03-07T22:38:48.841Z"}}, {"model": "orders.orderedproduct", "pk": 71, "fields": {"order": 175, "payment": 63, "user": 9, "productitem": 2, "quantity": 1, "price": 231.0, "amount": 231.0, "created_at": "2025-03-07T22:52:04.789Z", "updated_at": "2025-03-07T22:52:04.789Z"}}, {"model": "orders.orderedproduct", "pk": 72, "fields": {"order": 175, "payment": 63, "user": 9, "productitem": 9, "quantity": 1, "price": 683.0, "amount": 683.0, "created_at": "2025-03-07T22:52:04.789Z", "updated_at": "2025-03-07T22:52:04.789Z"}}, {"model": "orders.orderedproduct", "pk": 73, "fields": {"order": 175, "payment": 63, "user": 9, "productitem": 1, "quantity": 1, "price": 123.0, "amount": 123.0, "created_at": "2025-03-07T22:52:04.789Z", "updated_at": "2025-03-07T22:52:04.789Z"}}, {"model": "orders.orderedproduct", "pk": 74, "fields": {"order": 175, "payment": 63, "user": 9, "productitem": 5, "quantity": 1, "price": 9854.0, "amount": 9854.0, "created_at": "2025-03-07T22:52:04.789Z", "updated_at": "2025-03-07T22:52:04.789Z"}}, {"model": "orders.orderedproduct", "pk": 75, "fields": {"order": 175, "payment": 63, "user": 9, "productitem": 16, "quantity": 1, "price": 979.0, "amount": 979.0, "created_at": "2025-03-07T22:52:04.789Z", "updated_at": "2025-03-07T22:52:04.789Z"}}, {"model": "orders.orderedproduct", "pk": 76, "fields": {"order": 175, "payment": 63, "user": 9, "productitem": 4, "quantity": 1, "price": 876.0, "amount": 876.0, "created_at": "2025-03-07T22:52:04.789Z", "updated_at": "2025-03-07T22:52:04.789Z"}}, {"model": "orders.orderedproduct", "pk": 77, "fields": {"order": 175, "payment": 63, "user": 9, "productitem": 12, "quantity": 1, "price": 765.0, "amount": 765.0, "created_at": "2025-03-07T22:52:04.789Z", "updated_at": "2025-03-07T22:52:04.789Z"}}, {"model": "orders.orderedproduct", "pk": 78, "fields": {"order": 176, "payment": 64, "user": 9, "productitem": 6, "quantity": 1, "price": 665.0, "amount": 665.0, "created_at": "2025-03-09T06:52:24.153Z", "updated_at": "2025-03-09T06:52:24.153Z"}}, {"model": "orders.orderedproduct", "pk": 79, "fields": {"order": 176, "payment": 64, "user": 9, "productitem": 1, "quantity": 1, "price": 123.0, "amount": 123.0, "created_at": "2025-03-09T06:52:24.153Z", "updated_at": "2025-03-09T06:52:24.153Z"}}, {"model": "orders.orderedproduct", "pk": 80, "fields": {"order": 178, "payment": 65, "user": 37, "productitem": 16, "quantity": 1, "price": 979.0, "amount": 979.0, "created_at": "2025-03-09T18:30:21.112Z", "updated_at": "2025-03-09T18:30:21.112Z"}}, {"model": "orders.orderedproduct", "pk": 81, "fields": {"order": 178, "payment": 65, "user": 37, "productitem": 3, "quantity": 1, "price": 54.0, "amount": 54.0, "created_at": "2025-03-09T18:30:21.112Z", "updated_at": "2025-03-09T18:30:21.112Z"}}, {"model": "orders.orderedproduct", "pk": 82, "fields": {"order": 178, "payment": 65, "user": 37, "productitem": 6, "quantity": 1, "price": 665.0, "amount": 665.0, "created_at": "2025-03-09T18:30:21.112Z", "updated_at": "2025-03-09T18:30:21.112Z"}}]